Date,AAPL_Close,MSFT_Close,GOOGL_Close,AMZN_Close,TSLA_Close,BRK-B_Close,NVDA_Close,META_Close,JNJ_Close,V_Close
2013-01-01,100.0,150.0,120.0,180.0,200.0,300.0,250.0,220.0,140.0,160.0
2013-01-02,100.1,150.1,120.1,180.1,200.1,300.1,250.1,220.1,140.1,160.1
2013-01-03,100.2,150.2,120.2,180.2,200.2,300.2,250.2,220.2,140.2,160.2
2013-01-04,100.3,150.3,120.3,180.3,200.3,300.3,250.3,220.3,140.3,160.3
2013-01-05,100.4,150.4,120.4,180.4,200.4,300.4,250.4,220.4,140.4,160.4
2013-01-06,100.5,150.5,120.5,180.5,200.5,300.5,250.5,220.5,140.5,160.5
2013-01-07,100.6,150.6,120.6,180.6,200.6,300.6,250.6,220.6,140.6,160.6
2013-01-08,100.7,150.7,120.7,180.7,200.7,300.7,250.7,220.7,140.7,160.7
2013-01-09,100.8,150.8,120.8,180.8,200.8,300.8,250.8,220.8,140.8,160.8
2013-01-10,100.9,150.9,120.9,180.9,200.9,300.9,250.9,220.9,140.9,160.9
2013-01-11,101.0,151.0,121.0,181.0,201.0,301.0,251.0,221.0,141.0,161.0
2013-01-12,101.1,151.1,121.1,181.1,201.1,301.1,251.1,221.1,141.1,161.1
2013-01-13,101.2,151.2,121.2,181.2,201.2,301.2,251.2,221.2,141.2,161.2
2013-01-14,101.3,151.3,121.3,181.3,201.3,301.3,251.3,221.3,141.3,161.3
2013-01-15,101.4,151.4,121.4,181.4,201.4,301.4,251.4,221.4,141.4,161.4
2013-01-16,101.5,151.5,121.5,181.5,201.5,301.5,251.5,221.5,141.5,161.5
2013-01-17,101.6,151.6,121.6,181.6,201.6,301.6,251.6,221.6,141.6,161.6
2013-01-18,101.7,151.7,121.7,181.7,201.7,301.7,251.7,221.7,141.7,161.7
2013-01-19,101.8,151.8,121.8,181.8,201.8,301.8,251.8,221.8,141.8,161.8
2013-01-20,101.9,151.9,121.9,181.9,201.9,301.9,251.9,221.9,141.9,161.9
2013-01-21,102.0,152.0,122.0,182.0,202.0,302.0,252.0,222.0,142.0,162.0
2013-01-22,102.1,152.1,122.1,182.1,202.1,302.1,252.1,222.1,142.1,162.1
2013-01-23,102.2,152.2,122.2,182.2,202.2,302.2,252.2,222.2,142.2,162.2
2013-01-24,102.3,152.3,122.3,182.3,202.3,302.3,252.3,222.3,142.3,162.3
2013-01-25,102.4,152.4,122.4,182.4,202.4,302.4,252.4,222.4,142.4,162.4
2013-01-26,102.5,152.5,122.5,182.5,202.5,302.5,252.5,222.5,142.5,162.5
2013-01-27,102.6,152.6,122.6,182.6,202.6,302.6,252.6,222.6,142.6,162.6
2013-01-28,102.7,152.7,122.7,182.7,202.7,302.7,252.7,222.7,142.7,162.7
2013-01-29,102.8,152.8,122.8,182.8,202.8,302.8,252.8,222.8,142.8,162.8
2013-01-30,102.9,152.9,122.9,182.9,202.9,302.9,252.9,222.9,142.9,162.9
2013-01-31,103.0,153.0,123.0,183.0,203.0,303.0,253.0,223.0,143.0,163.0
2013-02-01,103.1,153.1,123.1,183.1,203.1,303.1,253.1,223.1,143.1,163.1
2013-02-02,103.2,153.2,123.2,183.2,203.2,303.2,253.2,223.2,143.2,163.2
2013-02-03,103.3,153.3,123.3,183.3,203.3,303.3,253.3,223.3,143.3,163.3
2013-02-04,103.4,153.4,123.4,183.4,203.4,303.4,253.4,223.4,143.4,163.4
2013-02-05,103.5,153.5,123.5,183.5,203.5,303.5,253.5,223.5,143.5,163.5
2013-02-06,103.6,153.6,123.6,183.6,203.6,303.6,253.6,223.6,143.6,163.6
2013-02-07,103.7,153.7,123.7,183.7,203.7,303.7,253.7,223.7,143.7,163.7
2013-02-08,103.8,153.8,123.8,183.8,203.8,303.8,253.8,223.8,143.8,163.8
2013-02-09,103.9,153.9,123.9,183.9,203.9,303.9,253.9,223.9,143.9,163.9
2013-02-10,104.0,154.0,124.0,184.0,204.0,304.0,254.0,224.0,144.0,164.0
2013-02-11,104.1,154.1,124.1,184.1,204.1,304.1,254.1,224.1,144.1,164.1
2013-02-12,104.2,154.2,124.2,184.2,204.2,304.2,254.2,224.2,144.2,164.2
2013-02-13,104.3,154.3,124.3,184.3,204.3,304.3,254.3,224.3,144.3,164.3
2013-02-14,104.4,154.4,124.4,184.4,204.4,304.4,254.4,224.4,144.4,164.4
2013-02-15,104.5,154.5,124.5,184.5,204.5,304.5,254.5,224.5,144.5,164.5
2013-02-16,104.6,154.6,124.6,184.6,204.6,304.6,254.6,224.6,144.6,164.6
2013-02-17,104.7,154.7,124.7,184.7,204.7,304.7,254.7,224.7,144.7,164.7
2013-02-18,104.8,154.8,124.8,184.8,204.8,304.8,254.8,224.8,144.8,164.8
2013-02-19,104.9,154.9,124.9,184.9,204.9,304.9,254.9,224.9,144.9,164.9
2013-02-20,105.0,155.0,125.0,185.0,205.0,305.0,255.0,225.0,145.0,165.0
2013-02-21,105.1,155.1,125.1,185.1,205.1,305.1,255.1,225.1,145.1,165.1
2013-02-22,105.2,155.2,125.2,185.2,205.2,305.2,255.2,225.2,145.2,165.2
2013-02-23,105.3,155.3,125.3,185.3,205.3,305.3,255.3,225.3,145.3,165.3
2013-02-24,105.4,155.4,125.4,185.4,205.4,305.4,255.4,225.4,145.4,165.4
2013-02-25,105.5,155.5,125.5,185.5,205.5,305.5,255.5,225.5,145.5,165.5
2013-02-26,105.6,155.6,125.6,185.6,205.6,305.6,255.6,225.6,145.6,165.6
2013-02-27,105.7,155.7,125.7,185.7,205.7,305.7,255.7,225.7,145.7,165.7
2013-02-28,105.8,155.8,125.8,185.8,205.8,305.8,255.8,225.8,145.8,165.8
2013-03-01,105.9,155.9,125.9,185.9,205.9,305.9,255.9,225.9,145.9,165.9
2013-03-02,106.0,156.0,126.0,186.0,206.0,306.0,256.0,226.0,146.0,166.0
2013-03-03,106.1,156.1,126.1,186.1,206.1,306.1,256.1,226.1,146.1,166.1
2013-03-04,106.2,156.2,126.2,186.2,206.2,306.2,256.2,226.2,146.2,166.2
2013-03-05,106.3,156.3,126.3,186.3,206.3,306.3,256.3,226.3,146.3,166.3
2013-03-06,106.4,156.4,126.4,186.4,206.4,306.4,256.4,226.4,146.4,166.4
2013-03-07,106.5,156.5,126.5,186.5,206.5,306.5,256.5,226.5,146.5,166.5
2013-03-08,106.6,156.6,126.6,186.6,206.6,306.6,256.6,226.6,146.6,166.6
2013-03-09,106.7,156.7,126.7,186.7,206.7,306.7,256.7,226.7,146.7,166.7
2013-03-10,106.8,156.8,126.8,186.8,206.8,306.8,256.8,226.8,146.8,166.8
2013-03-11,106.9,156.9,126.9,186.9,206.9,306.9,256.9,226.9,146.9,166.9
2013-03-12,107.0,157.0,127.0,187.0,207.0,307.0,257.0,227.0,147.0,167.0
2013-03-13,107.1,157.1,127.1,187.1,207.1,307.1,257.1,227.1,147.1,167.1
2013-03-14,107.2,157.2,127.2,187.2,207.2,307.2,257.2,227.2,147.2,167.2
2013-03-15,107.3,157.3,127.3,187.3,207.3,307.3,257.3,227.3,147.3,167.3
2013-03-16,107.4,157.4,127.4,187.4,207.4,307.4,257.4,227.4,147.4,167.4
2013-03-17,107.5,157.5,127.5,187.5,207.5,307.5,257.5,227.5,147.5,167.5
2013-03-18,107.6,157.6,127.6,187.6,207.6,307.6,257.6,227.6,147.6,167.6
2013-03-19,107.7,157.7,127.7,187.7,207.7,307.7,257.7,227.7,147.7,167.7
2013-03-20,107.8,157.8,127.8,187.8,207.8,307.8,257.8,227.8,147.8,167.8
2013-03-21,107.9,157.9,127.9,187.9,207.9,307.9,257.9,227.9,147.9,167.9
2013-03-22,108.0,158.0,128.0,188.0,208.0,308.0,258.0,228.0,148.0,168.0
2013-03-23,108.1,158.1,128.1,188.1,208.1,308.1,258.1,228.1,148.1,168.1
2013-03-24,108.2,158.2,128.2,188.2,208.2,308.2,258.2,228.2,148.2,168.2
2013-03-25,108.3,158.3,128.3,188.3,208.3,308.3,258.3,228.3,148.3,168.3
2013-03-26,108.4,158.4,128.4,188.4,208.4,308.4,258.4,228.4,148.4,168.4
2013-03-27,108.5,158.5,128.5,188.5,208.5,308.5,258.5,228.5,148.5,168.5
2013-03-28,108.6,158.6,128.6,188.6,208.6,308.6,258.6,228.6,148.6,168.6
2013-03-29,108.7,158.7,128.7,188.7,208.7,308.7,258.7,228.7,148.7,168.7
2013-03-30,108.8,158.8,128.8,188.8,208.8,308.8,258.8,228.8,148.8,168.8
2013-03-31,108.9,158.9,128.9,188.9,208.9,308.9,258.9,228.9,148.9,168.9
2013-04-01,109.0,159.0,129.0,189.0,209.0,309.0,259.0,229.0,149.0,169.0
2013-04-02,109.1,159.1,129.1,189.1,209.1,309.1,259.1,229.1,149.1,169.1
2013-04-03,109.2,159.2,129.2,189.2,209.2,309.2,259.2,229.2,149.2,169.2
2013-04-04,109.3,159.3,129.3,189.3,209.3,309.3,259.3,229.3,149.3,169.3
2013-04-05,109.4,159.4,129.4,189.4,209.4,309.4,259.4,229.4,149.4,169.4
2013-04-06,109.5,159.5,129.5,189.5,209.5,309.5,259.5,229.5,149.5,169.5
2013-04-07,109.6,159.6,129.6,189.6,209.6,309.6,259.6,229.6,149.6,169.6
2013-04-08,109.7,159.7,129.7,189.7,209.7,309.7,259.7,229.7,149.7,169.7
2013-04-09,109.8,159.8,129.8,189.8,209.8,309.8,259.8,229.8,149.8,169.8
2013-04-10,109.9,159.9,129.9,189.9,209.9,309.9,259.9,229.9,149.9,169.9
2013-04-11,110.0,160.0,130.0,190.0,210.0,310.0,260.0,230.0,150.0,170.0
2013-04-12,110.1,160.1,130.1,190.1,210.1,310.1,260.1,230.1,150.1,170.1
2013-04-13,110.2,160.2,130.2,190.2,210.2,310.2,260.2,230.2,150.2,170.2
2013-04-14,110.3,160.3,130.3,190.3,210.3,310.3,260.3,230.3,150.3,170.3
2013-04-15,110.4,160.4,130.4,190.4,210.4,310.4,260.4,230.4,150.4,170.4
2013-04-16,110.5,160.5,130.5,190.5,210.5,310.5,260.5,230.5,150.5,170.5
2013-04-17,110.6,160.6,130.6,190.6,210.6,310.6,260.6,230.6,150.6,170.6
2013-04-18,110.7,160.7,130.7,190.7,210.7,310.7,260.7,230.7,150.7,170.7
2013-04-19,110.8,160.8,130.8,190.8,210.8,310.8,260.8,230.8,150.8,170.8
2013-04-20,110.9,160.9,130.9,190.9,210.9,310.9,260.9,230.9,150.9,170.9
2013-04-21,111.0,161.0,131.0,191.0,211.0,311.0,261.0,231.0,151.0,171.0
2013-04-22,111.1,161.1,131.1,191.1,211.1,311.1,261.1,231.1,151.1,171.1
2013-04-23,111.2,161.2,131.2,191.2,211.2,311.2,261.2,231.2,151.2,171.2
2013-04-24,111.3,161.3,131.3,191.3,211.3,311.3,261.3,231.3,151.3,171.3
2013-04-25,111.4,161.4,131.4,191.4,211.4,311.4,261.4,231.4,151.4,171.4
2013-04-26,111.5,161.5,131.5,191.5,211.5,311.5,261.5,231.5,151.5,171.5
2013-04-27,111.6,161.6,131.6,191.6,211.6,311.6,261.6,231.6,151.6,171.6
2013-04-28,111.7,161.7,131.7,191.7,211.7,311.7,261.7,231.7,151.7,171.7
2013-04-29,111.8,161.8,131.8,191.8,211.8,311.8,261.8,231.8,151.8,171.8
2013-04-30,111.9,161.9,131.9,191.9,211.9,311.9,261.9,231.9,151.9,171.9
2013-05-01,112.0,162.0,132.0,192.0,212.0,312.0,262.0,232.0,152.0,172.0
2013-05-02,112.1,162.1,132.1,192.1,212.1,312.1,262.1,232.1,152.1,172.1
2013-05-03,112.2,162.2,132.2,192.2,212.2,312.2,262.2,232.2,152.2,172.2
2013-05-04,112.3,162.3,132.3,192.3,212.3,312.3,262.3,232.3,152.3,172.3
2013-05-05,112.4,162.4,132.4,192.4,212.4,312.4,262.4,232.4,152.4,172.4
2013-05-06,112.5,162.5,132.5,192.5,212.5,312.5,262.5,232.5,152.5,172.5
2013-05-07,112.6,162.6,132.6,192.6,212.6,312.6,262.6,232.6,152.6,172.6
2013-05-08,112.7,162.7,132.7,192.7,212.7,312.7,262.7,232.7,152.7,172.7
2013-05-09,112.8,162.8,132.8,192.8,212.8,312.8,262.8,232.8,152.8,172.8
2013-05-10,112.9,162.9,132.9,192.9,212.9,312.9,262.9,232.9,152.9,172.9
2013-05-11,113.0,163.0,133.0,193.0,213.0,313.0,263.0,233.0,153.0,173.0
2013-05-12,113.1,163.1,133.1,193.1,213.1,313.1,263.1,233.1,153.1,173.1
2013-05-13,113.2,163.2,133.2,193.2,213.2,313.2,263.2,233.2,153.2,173.2
2013-05-14,113.3,163.3,133.3,193.3,213.3,313.3,263.3,233.3,153.3,173.3
2013-05-15,113.4,163.4,133.4,193.4,213.4,313.4,263.4,233.4,153.4,173.4
2013-05-16,113.5,163.5,133.5,193.5,213.5,313.5,263.5,233.5,153.5,173.5
2013-05-17,113.6,163.6,133.6,193.6,213.6,313.6,263.6,233.6,153.6,173.6
2013-05-18,113.7,163.7,133.7,193.7,213.7,313.7,263.7,233.7,153.7,173.7
2013-05-19,113.8,163.8,133.8,193.8,213.8,313.8,263.8,233.8,153.8,173.8
2013-05-20,113.9,163.9,133.9,193.9,213.9,313.9,263.9,233.9,153.9,173.9
2013-05-21,114.0,164.0,134.0,194.0,214.0,314.0,264.0,234.0,154.0,174.0
2013-05-22,114.1,164.1,134.1,194.1,214.1,314.1,264.1,234.1,154.1,174.1
2013-05-23,114.2,164.2,134.2,194.2,214.2,314.2,264.2,234.2,154.2,174.2
2013-05-24,114.3,164.3,134.3,194.3,214.3,314.3,264.3,234.3,154.3,174.3
2013-05-25,114.4,164.4,134.4,194.4,214.4,314.4,264.4,234.4,154.4,174.4
2013-05-26,114.5,164.5,134.5,194.5,214.5,314.5,264.5,234.5,154.5,174.5
2013-05-27,114.6,164.6,134.6,194.6,214.6,314.6,264.6,234.6,154.6,174.6
2013-05-28,114.7,164.7,134.7,194.7,214.7,314.7,264.7,234.7,154.7,174.7
2013-05-29,114.8,164.8,134.8,194.8,214.8,314.8,264.8,234.8,154.8,174.8
2013-05-30,114.9,164.9,134.9,194.9,214.9,314.9,264.9,234.9,154.9,174.9
2013-05-31,115.0,165.0,135.0,195.0,215.0,315.0,265.0,235.0,155.0,175.0
2013-06-01,115.1,165.1,135.1,195.1,215.1,315.1,265.1,235.1,155.1,175.1
2013-06-02,115.2,165.2,135.2,195.2,215.2,315.2,265.2,235.2,155.2,175.2
2013-06-03,115.3,165.3,135.3,195.3,215.3,315.3,265.3,235.3,155.3,175.3
2013-06-04,115.4,165.4,135.4,195.4,215.4,315.4,265.4,235.4,155.4,175.4
2013-06-05,115.5,165.5,135.5,195.5,215.5,315.5,265.5,235.5,155.5,175.5
2013-06-06,115.6,165.6,135.6,195.6,215.6,315.6,265.6,235.6,155.6,175.6
2013-06-07,115.7,165.7,135.7,195.7,215.7,315.7,265.7,235.7,155.7,175.7
2013-06-08,115.8,165.8,135.8,195.8,215.8,315.8,265.8,235.8,155.8,175.8
2013-06-09,115.9,165.9,135.9,195.9,215.9,315.9,265.9,235.9,155.9,175.9
2013-06-10,116.0,166.0,136.0,196.0,216.0,316.0,266.0,236.0,156.0,176.0
2013-06-11,116.1,166.1,136.1,196.1,216.1,316.1,266.1,236.1,156.1,176.1
2013-06-12,116.2,166.2,136.2,196.2,216.2,316.2,266.2,236.2,156.2,176.2
2013-06-13,116.3,166.3,136.3,196.3,216.3,316.3,266.3,236.3,156.3,176.3
2013-06-14,116.4,166.4,136.4,196.4,216.4,316.4,266.4,236.4,156.4,176.4
2013-06-15,116.5,166.5,136.5,196.5,216.5,316.5,266.5,236.5,156.5,176.5
2013-06-16,116.6,166.6,136.6,196.6,216.6,316.6,266.6,236.6,156.6,176.6
2013-06-17,116.7,166.7,136.7,196.7,216.7,316.7,266.7,236.7,156.7,176.7
2013-06-18,116.8,166.8,136.8,196.8,216.8,316.8,266.8,236.8,156.8,176.8
2013-06-19,116.9,166.9,136.9,196.9,216.9,316.9,266.9,236.9,156.9,176.9
2013-06-20,117.0,167.0,137.0,197.0,217.0,317.0,267.0,237.0,157.0,177.0
2013-06-21,117.1,167.1,137.1,197.1,217.1,317.1,267.1,237.1,157.1,177.1
2013-06-22,117.2,167.2,137.2,197.2,217.2,317.2,267.2,237.2,157.2,177.2
2013-06-23,117.3,167.3,137.3,197.3,217.3,317.3,267.3,237.3,157.3,177.3
2013-06-24,117.4,167.4,137.4,197.4,217.4,317.4,267.4,237.4,157.4,177.4
2013-06-25,117.5,167.5,137.5,197.5,217.5,317.5,267.5,237.5,157.5,177.5
2013-06-26,117.6,167.6,137.6,197.6,217.6,317.6,267.6,237.6,157.6,177.6
2013-06-27,117.7,167.7,137.7,197.7,217.7,317.7,267.7,237.7,157.7,177.7
2013-06-28,117.8,167.8,137.8,197.8,217.8,317.8,267.8,237.8,157.8,177.8
2013-06-29,117.9,167.9,137.9,197.9,217.9,317.9,267.9,237.9,157.9,177.9
2013-06-30,118.0,168.0,138.0,198.0,218.0,318.0,268.0,238.0,158.0,178.0
2013-07-01,118.1,168.1,138.1,198.1,218.1,318.1,268.1,238.1,158.1,178.1
2013-07-02,118.2,168.2,138.2,198.2,218.2,318.2,268.2,238.2,158.2,178.2
2013-07-03,118.3,168.3,138.3,198.3,218.3,318.3,268.3,238.3,158.3,178.3
2013-07-04,118.4,168.4,138.4,198.4,218.4,318.4,268.4,238.4,158.4,178.4
2013-07-05,118.5,168.5,138.5,198.5,218.5,318.5,268.5,238.5,158.5,178.5
2013-07-06,118.6,168.6,138.6,198.6,218.6,318.6,268.6,238.6,158.6,178.6
2013-07-07,118.7,168.7,138.7,198.7,218.7,318.7,268.7,238.7,158.7,178.7
2013-07-08,118.8,168.8,138.8,198.8,218.8,318.8,268.8,238.8,158.8,178.8
2013-07-09,118.9,168.9,138.9,198.9,218.9,318.9,268.9,238.9,158.9,178.9
2013-07-10,119.0,169.0,139.0,199.0,219.0,319.0,269.0,239.0,159.0,179.0
2013-07-11,119.1,169.1,139.1,199.1,219.1,319.1,269.1,239.1,159.1,179.1
2013-07-12,119.2,169.2,139.2,199.2,219.2,319.2,269.2,239.2,159.2,179.2
2013-07-13,119.3,169.3,139.3,199.3,219.3,319.3,269.3,239.3,159.3,179.3
2013-07-14,119.4,169.4,139.4,199.4,219.4,319.4,269.4,239.4,159.4,179.4
2013-07-15,119.5,169.5,139.5,199.5,219.5,319.5,269.5,239.5,159.5,179.5
2013-07-16,119.6,169.6,139.6,199.6,219.6,319.6,269.6,239.6,159.6,179.6
2013-07-17,119.7,169.7,139.7,199.7,219.7,319.7,269.7,239.7,159.7,179.7
2013-07-18,119.8,169.8,139.8,199.8,219.8,319.8,269.8,239.8,159.8,179.8
2013-07-19,119.9,169.9,139.9,199.9,219.9,319.9,269.9,239.9,159.9,179.9
2013-07-20,120.0,170.0,140.0,200.0,220.0,320.0,270.0,240.0,160.0,180.0
2013-07-21,120.1,170.1,140.1,200.1,220.1,320.1,270.1,240.1,160.1,180.1
2013-07-22,120.2,170.2,140.2,200.2,220.2,320.2,270.2,240.2,160.2,180.2
2013-07-23,120.3,170.3,140.3,200.3,220.3,320.3,270.3,240.3,160.3,180.3
2013-07-24,120.4,170.4,140.4,200.4,220.4,320.4,270.4,240.4,160.4,180.4
2013-07-25,120.5,170.5,140.5,200.5,220.5,320.5,270.5,240.5,160.5,180.5
2013-07-26,120.6,170.6,140.6,200.6,220.6,320.6,270.6,240.6,160.6,180.6
2013-07-27,120.7,170.7,140.7,200.7,220.7,320.7,270.7,240.7,160.7,180.7
2013-07-28,120.8,170.8,140.8,200.8,220.8,320.8,270.8,240.8,160.8,180.8
2013-07-29,120.9,170.9,140.9,200.9,220.9,320.9,270.9,240.9,160.9,180.9
2013-07-30,121.0,171.0,141.0,201.0,221.0,321.0,271.0,241.0,161.0,181.0
2013-07-31,121.1,171.1,141.1,201.1,221.1,321.1,271.1,241.1,161.1,181.1
2013-08-01,121.2,171.2,141.2,201.2,221.2,321.2,271.2,241.2,161.2,181.2
2013-08-02,121.3,171.3,141.3,201.3,221.3,321.3,271.3,241.3,161.3,181.3
2013-08-03,121.4,171.4,141.4,201.4,221.4,321.4,271.4,241.4,161.4,181.4
2013-08-04,121.5,171.5,141.5,201.5,221.5,321.5,271.5,241.5,161.5,181.5
2013-08-05,121.6,171.6,141.6,201.6,221.6,321.6,271.6,241.6,161.6,181.6
2013-08-06,121.7,171.7,141.7,201.7,221.7,321.7,271.7,241.7,161.7,181.7
2013-08-07,121.8,171.8,141.8,201.8,221.8,321.8,271.8,241.8,161.8,181.8
2013-08-08,121.9,171.9,141.9,201.9,221.9,321.9,271.9,241.9,161.9,181.9
2013-08-09,122.0,172.0,142.0,202.0,222.0,322.0,272.0,242.0,162.0,182.0
2013-08-10,122.1,172.1,142.1,202.1,222.1,322.1,272.1,242.1,162.1,182.1
2013-08-11,122.2,172.2,142.2,202.2,222.2,322.2,272.2,242.2,162.2,182.2
2013-08-12,122.3,172.3,142.3,202.3,222.3,322.3,272.3,242.3,162.3,182.3
2013-08-13,122.4,172.4,142.4,202.4,222.4,322.4,272.4,242.4,162.4,182.4
2013-08-14,122.5,172.5,142.5,202.5,222.5,322.5,272.5,242.5,162.5,182.5
2013-08-15,122.6,172.6,142.6,202.6,222.6,322.6,272.6,242.6,162.6,182.6
2013-08-16,122.7,172.7,142.7,202.7,222.7,322.7,272.7,242.7,162.7,182.7
2013-08-17,122.8,172.8,142.8,202.8,222.8,322.8,272.8,242.8,162.8,182.8
2013-08-18,122.9,172.9,142.9,202.9,222.9,322.9,272.9,242.9,162.9,182.9
2013-08-19,123.0,173.0,143.0,203.0,223.0,323.0,273.0,243.0,163.0,183.0
2013-08-20,123.1,173.1,143.1,203.1,223.1,323.1,273.1,243.1,163.1,183.1
2013-08-21,123.2,173.2,143.2,203.2,223.2,323.2,273.2,243.2,163.2,183.2
2013-08-22,123.3,173.3,143.3,203.3,223.3,323.3,273.3,243.3,163.3,183.3
2013-08-23,123.4,173.4,143.4,203.4,223.4,323.4,273.4,243.4,163.4,183.4
2013-08-24,123.5,173.5,143.5,203.5,223.5,323.5,273.5,243.5,163.5,183.5
2013-08-25,123.6,173.6,143.6,203.6,223.6,323.6,273.6,243.6,163.6,183.6
2013-08-26,123.7,173.7,143.7,203.7,223.7,323.7,273.7,243.7,163.7,183.7
2013-08-27,123.8,173.8,143.8,203.8,223.8,323.8,273.8,243.8,163.8,183.8
2013-08-28,123.9,173.9,143.9,203.9,223.9,323.9,273.9,243.9,163.9,183.9
2013-08-29,124.0,174.0,144.0,204.0,224.0,324.0,274.0,244.0,164.0,184.0
2013-08-30,124.1,174.1,144.1,204.1,224.1,324.1,274.1,244.1,164.1,184.1
2013-08-31,124.2,174.2,144.2,204.2,224.2,324.2,274.2,244.2,164.2,184.2
2013-09-01,124.3,174.3,144.3,204.3,224.3,324.3,274.3,244.3,164.3,184.3
2013-09-02,124.4,174.4,144.4,204.4,224.4,324.4,274.4,244.4,164.4,184.4
2013-09-03,124.5,174.5,144.5,204.5,224.5,324.5,274.5,244.5,164.5,184.5
2013-09-04,124.6,174.6,144.6,204.6,224.6,324.6,274.6,244.6,164.6,184.6
2013-09-05,124.7,174.7,144.7,204.7,224.7,324.7,274.7,244.7,164.7,184.7
2013-09-06,124.8,174.8,144.8,204.8,224.8,324.8,274.8,244.8,164.8,184.8
2013-09-07,124.9,174.9,144.9,204.9,224.9,324.9,274.9,244.9,164.9,184.9
2013-09-08,125.0,175.0,145.0,205.0,225.0,325.0,275.0,245.0,165.0,185.0
2013-09-09,125.1,175.1,145.1,205.1,225.1,325.1,275.1,245.1,165.1,185.1
2013-09-10,125.2,175.2,145.2,205.2,225.2,325.2,275.2,245.2,165.2,185.2
2013-09-11,125.3,175.3,145.3,205.3,225.3,325.3,275.3,245.3,165.3,185.3
2013-09-12,125.4,175.4,145.4,205.4,225.4,325.4,275.4,245.4,165.4,185.4
2013-09-13,125.5,175.5,145.5,205.5,225.5,325.5,275.5,245.5,165.5,185.5
2013-09-14,125.6,175.6,145.6,205.6,225.6,325.6,275.6,245.6,165.6,185.6
2013-09-15,125.7,175.7,145.7,205.7,225.7,325.7,275.7,245.7,165.7,185.7
2013-09-16,125.8,175.8,145.8,205.8,225.8,325.8,275.8,245.8,165.8,185.8
2013-09-17,125.9,175.9,145.9,205.9,225.9,325.9,275.9,245.9,165.9,185.9
2013-09-18,126.0,176.0,146.0,206.0,226.0,326.0,276.0,246.0,166.0,186.0
2013-09-19,126.1,176.1,146.1,206.1,226.1,326.1,276.1,246.1,166.1,186.1
2013-09-20,126.2,176.2,146.2,206.2,226.2,326.2,276.2,246.2,166.2,186.2
2013-09-21,126.3,176.3,146.3,206.3,226.3,326.3,276.3,246.3,166.3,186.3
2013-09-22,126.4,176.4,146.4,206.4,226.4,326.4,276.4,246.4,166.4,186.4
2013-09-23,126.5,176.5,146.5,206.5,226.5,326.5,276.5,246.5,166.5,186.5
2013-09-24,126.6,176.6,146.6,206.6,226.6,326.6,276.6,246.6,166.6,186.6
2013-09-25,126.7,176.7,146.7,206.7,226.7,326.7,276.7,246.7,166.7,186.7
2013-09-26,126.8,176.8,146.8,206.8,226.8,326.8,276.8,246.8,166.8,186.8
2013-09-27,126.9,176.9,146.9,206.9,226.9,326.9,276.9,246.9,166.9,186.9
2013-09-28,127.0,177.0,147.0,207.0,227.0,327.0,277.0,247.0,167.0,187.0
2013-09-29,127.1,177.1,147.1,207.1,227.1,327.1,277.1,247.1,167.1,187.1
2013-09-30,127.2,177.2,147.2,207.2,227.2,327.2,277.2,247.2,167.2,187.2
2013-10-01,127.3,177.3,147.3,207.3,227.3,327.3,277.3,247.3,167.3,187.3
2013-10-02,127.4,177.4,147.4,207.4,227.4,327.4,277.4,247.4,167.4,187.4
2013-10-03,127.5,177.5,147.5,207.5,227.5,327.5,277.5,247.5,167.5,187.5
2013-10-04,127.6,177.6,147.6,207.6,227.6,327.6,277.6,247.6,167.6,187.6
2013-10-05,127.7,177.7,147.7,207.7,227.7,327.7,277.7,247.7,167.7,187.7
2013-10-06,127.8,177.8,147.8,207.8,227.8,327.8,277.8,247.8,167.8,187.8
2013-10-07,127.9,177.9,147.9,207.9,227.9,327.9,277.9,247.9,167.9,187.9
2013-10-08,128.0,178.0,148.0,208.0,228.0,328.0,278.0,248.0,168.0,188.0
2013-10-09,128.1,178.1,148.1,208.1,228.1,328.1,278.1,248.1,168.1,188.1
2013-10-10,128.2,178.2,148.2,208.2,228.2,328.2,278.2,248.2,168.2,188.2
2013-10-11,128.3,178.3,148.3,208.3,228.3,328.3,278.3,248.3,168.3,188.3
2013-10-12,128.4,178.4,148.4,208.4,228.4,328.4,278.4,248.4,168.4,188.4
2013-10-13,128.5,178.5,148.5,208.5,228.5,328.5,278.5,248.5,168.5,188.5
2013-10-14,128.6,178.6,148.6,208.6,228.6,328.6,278.6,248.6,168.6,188.6
2013-10-15,128.7,178.7,148.7,208.7,228.7,328.7,278.7,248.7,168.7,188.7
2013-10-16,128.8,178.8,148.8,208.8,228.8,328.8,278.8,248.8,168.8,188.8
2013-10-17,128.9,178.9,148.9,208.9,228.9,328.9,278.9,248.9,168.9,188.9
2013-10-18,129.0,179.0,149.0,209.0,229.0,329.0,279.0,249.0,169.0,189.0
2013-10-19,129.1,179.1,149.1,209.1,229.1,329.1,279.1,249.1,169.1,189.1
2013-10-20,129.2,179.2,149.2,209.2,229.2,329.2,279.2,249.2,169.2,189.2
2013-10-21,129.3,179.3,149.3,209.3,229.3,329.3,279.3,249.3,169.3,189.3
2013-10-22,129.4,179.4,149.4,209.4,229.4,329.4,279.4,249.4,169.4,189.4
2013-10-23,129.5,179.5,149.5,209.5,229.5,329.5,279.5,249.5,169.5,189.5
2013-10-24,129.6,179.6,149.6,209.6,229.6,329.6,279.6,249.6,169.6,189.6
2013-10-25,129.7,179.7,149.7,209.7,229.7,329.7,279.7,249.7,169.7,189.7
2013-10-26,129.8,179.8,149.8,209.8,229.8,329.8,279.8,249.8,169.8,189.8
2013-10-27,129.9,179.9,149.9,209.9,229.9,329.9,279.9,249.9,169.9,189.9
2013-10-28,130.0,180.0,150.0,210.0,230.0,330.0,280.0,250.0,170.0,190.0
2013-10-29,130.1,180.1,150.1,210.1,230.1,330.1,280.1,250.1,170.1,190.1
2013-10-30,130.2,180.2,150.2,210.2,230.2,330.2,280.2,250.2,170.2,190.2
2013-10-31,130.3,180.3,150.3,210.3,230.3,330.3,280.3,250.3,170.3,190.3
2013-11-01,130.4,180.4,150.4,210.4,230.4,330.4,280.4,250.4,170.4,190.4
2013-11-02,130.5,180.5,150.5,210.5,230.5,330.5,280.5,250.5,170.5,190.5
2013-11-03,130.6,180.6,150.6,210.6,230.6,330.6,280.6,250.6,170.6,190.6
2013-11-04,130.7,180.7,150.7,210.7,230.7,330.7,280.7,250.7,170.7,190.7
2013-11-05,130.8,180.8,150.8,210.8,230.8,330.8,280.8,250.8,170.8,190.8
2013-11-06,130.9,180.9,150.9,210.9,230.9,330.9,280.9,250.9,170.9,190.9
2013-11-07,131.0,181.0,151.0,211.0,231.0,331.0,281.0,251.0,171.0,191.0
2013-11-08,131.1,181.1,151.1,211.1,231.1,331.1,281.1,251.1,171.1,191.1
2013-11-09,131.2,181.2,151.2,211.2,231.2,331.2,281.2,251.2,171.2,191.2
2013-11-10,131.3,181.3,151.3,211.3,231.3,331.3,281.3,251.3,171.3,191.3
2013-11-11,131.4,181.4,151.4,211.4,231.4,331.4,281.4,251.4,171.4,191.4
2013-11-12,131.5,181.5,151.5,211.5,231.5,331.5,281.5,251.5,171.5,191.5
2013-11-13,131.6,181.6,151.6,211.6,231.6,331.6,281.6,251.6,171.6,191.6
2013-11-14,131.7,181.7,151.7,211.7,231.7,331.7,281.7,251.7,171.7,191.7
2013-11-15,131.8,181.8,151.8,211.8,231.8,331.8,281.8,251.8,171.8,191.8
2013-11-16,131.9,181.9,151.9,211.9,231.9,331.9,281.9,251.9,171.9,191.9
2013-11-17,132.0,182.0,152.0,212.0,232.0,332.0,282.0,252.0,172.0,192.0
2013-11-18,132.1,182.1,152.1,212.1,232.1,332.1,282.1,252.1,172.1,192.1
2013-11-19,132.2,182.2,152.2,212.2,232.2,332.2,282.2,252.2,172.2,192.2
2013-11-20,132.3,182.3,152.3,212.3,232.3,332.3,282.3,252.3,172.3,192.3
2013-11-21,132.4,182.4,152.4,212.4,232.4,332.4,282.4,252.4,172.4,192.4
2013-11-22,132.5,182.5,152.5,212.5,232.5,332.5,282.5,252.5,172.5,192.5
2013-11-23,132.6,182.6,152.6,212.6,232.6,332.6,282.6,252.6,172.6,192.6
2013-11-24,132.7,182.7,152.7,212.7,232.7,332.7,282.7,252.7,172.7,192.7
2013-11-25,132.8,182.8,152.8,212.8,232.8,332.8,282.8,252.8,172.8,192.8
2013-11-26,132.9,182.9,152.9,212.9,232.9,332.9,282.9,252.9,172.9,192.9
2013-11-27,133.0,183.0,153.0,213.0,233.0,333.0,283.0,253.0,173.0,193.0
2013-11-28,133.1,183.1,153.1,213.1,233.1,333.1,283.1,253.1,173.1,193.1
2013-11-29,133.2,183.2,153.2,213.2,233.2,333.2,283.2,253.2,173.2,193.2
2013-11-30,133.3,183.3,153.3,213.3,233.3,333.3,283.3,253.3,173.3,193.3
2013-12-01,133.4,183.4,153.4,213.4,233.4,333.4,283.4,253.4,173.4,193.4
2013-12-02,133.5,183.5,153.5,213.5,233.5,333.5,283.5,253.5,173.5,193.5
2013-12-03,133.6,183.6,153.6,213.6,233.6,333.6,283.6,253.6,173.6,193.6
2013-12-04,133.7,183.7,153.7,213.7,233.7,333.7,283.7,253.7,173.7,193.7
2013-12-05,133.8,183.8,153.8,213.8,233.8,333.8,283.8,253.8,173.8,193.8
2013-12-06,133.9,183.9,153.9,213.9,233.9,333.9,283.9,253.9,173.9,193.9
2013-12-07,134.0,184.0,154.0,214.0,234.0,334.0,284.0,254.0,174.0,194.0
2013-12-08,134.1,184.1,154.1,214.1,234.1,334.1,284.1,254.1,174.1,194.1
2013-12-09,134.2,184.2,154.2,214.2,234.2,334.2,284.2,254.2,174.2,194.2
2013-12-10,134.3,184.3,154.3,214.3,234.3,334.3,284.3,254.3,174.3,194.3
2013-12-11,134.4,184.4,154.4,214.4,234.4,334.4,284.4,254.4,174.4,194.4
2013-12-12,134.5,184.5,154.5,214.5,234.5,334.5,284.5,254.5,174.5,194.5
2013-12-13,134.6,184.6,154.6,214.6,234.6,334.6,284.6,254.6,174.6,194.6
2013-12-14,134.7,184.7,154.7,214.7,234.7,334.7,284.7,254.7,174.7,194.7
2013-12-15,134.8,184.8,154.8,214.8,234.8,334.8,284.8,254.8,174.8,194.8
2013-12-16,134.9,184.9,154.9,214.9,234.9,334.9,284.9,254.9,174.9,194.9
2013-12-17,135.0,185.0,155.0,215.0,235.0,335.0,285.0,255.0,175.0,195.0
2013-12-18,135.1,185.1,155.1,215.1,235.1,335.1,285.1,255.1,175.1,195.1
2013-12-19,135.2,185.2,155.2,215.2,235.2,335.2,285.2,255.2,175.2,195.2
2013-12-20,135.3,185.3,155.3,215.3,235.3,335.3,285.3,255.3,175.3,195.3
2013-12-21,135.4,185.4,155.4,215.4,235.4,335.4,285.4,255.4,175.4,195.4
2013-12-22,135.5,185.5,155.5,215.5,235.5,335.5,285.5,255.5,175.5,195.5
2013-12-23,135.6,185.6,155.6,215.6,235.6,335.6,285.6,255.6,175.6,195.6
2013-12-24,135.7,185.7,155.7,215.7,235.7,335.7,285.7,255.7,175.7,195.7
2013-12-25,135.8,185.8,155.8,215.8,235.8,335.8,285.8,255.8,175.8,195.8
2013-12-26,135.9,185.9,155.9,215.9,235.9,335.9,285.9,255.9,175.9,195.9
2013-12-27,136.0,186.0,156.0,216.0,236.0,336.0,286.0,256.0,176.0,196.0
2013-12-28,136.1,186.1,156.1,216.1,236.1,336.1,286.1,256.1,176.1,196.1
2013-12-29,136.2,186.2,156.2,216.2,236.2,336.2,286.2,256.2,176.2,196.2
2013-12-30,136.3,186.3,156.3,216.3,236.3,336.3,286.3,256.3,176.3,196.3
2013-12-31,136.4,186.4,156.4,216.4,236.4,336.4,286.4,256.4,176.4,196.4
2014-01-01,136.5,186.5,156.5,216.5,236.5,336.5,286.5,256.5,176.5,196.5
2014-01-02,136.6,186.6,156.6,216.6,236.6,336.6,286.6,256.6,176.6,196.6
2014-01-03,136.7,186.7,156.7,216.7,236.7,336.7,286.7,256.7,176.7,196.7
2014-01-04,136.8,186.8,156.8,216.8,236.8,336.8,286.8,256.8,176.8,196.8
2014-01-05,136.9,186.9,156.9,216.9,236.9,336.9,286.9,256.9,176.9,196.9
2014-01-06,137.0,187.0,157.0,217.0,237.0,337.0,287.0,257.0,177.0,197.0
2014-01-07,137.1,187.1,157.1,217.1,237.1,337.1,287.1,257.1,177.1,197.1
2014-01-08,137.2,187.2,157.2,217.2,237.2,337.2,287.2,257.2,177.2,197.2
2014-01-09,137.3,187.3,157.3,217.3,237.3,337.3,287.3,257.3,177.3,197.3
2014-01-10,137.4,187.4,157.4,217.4,237.4,337.4,287.4,257.4,177.4,197.4
2014-01-11,137.5,187.5,157.5,217.5,237.5,337.5,287.5,257.5,177.5,197.5
2014-01-12,137.6,187.6,157.6,217.6,237.6,337.6,287.6,257.6,177.6,197.6
2014-01-13,137.7,187.7,157.7,217.7,237.7,337.7,287.7,257.7,177.7,197.7
2014-01-14,137.8,187.8,157.8,217.8,237.8,337.8,287.8,257.8,177.8,197.8
2014-01-15,137.9,187.9,157.9,217.9,237.9,337.9,287.9,257.9,177.9,197.9
2014-01-16,138.0,188.0,158.0,218.0,238.0,338.0,288.0,258.0,178.0,198.0
2014-01-17,138.1,188.1,158.1,218.1,238.1,338.1,288.1,258.1,178.1,198.1
2014-01-18,138.2,188.2,158.2,218.2,238.2,338.2,288.2,258.2,178.2,198.2
2014-01-19,138.3,188.3,158.3,218.3,238.3,338.3,288.3,258.3,178.3,198.3
2014-01-20,138.4,188.4,158.4,218.4,238.4,338.4,288.4,258.4,178.4,198.4
2014-01-21,138.5,188.5,158.5,218.5,238.5,338.5,288.5,258.5,178.5,198.5
2014-01-22,138.6,188.6,158.6,218.6,238.6,338.6,288.6,258.6,178.6,198.6
2014-01-23,138.7,188.7,158.7,218.7,238.7,338.7,288.7,258.7,178.7,198.7
2014-01-24,138.8,188.8,158.8,218.8,238.8,338.8,288.8,258.8,178.8,198.8
2014-01-25,138.9,188.9,158.9,218.9,238.9,338.9,288.9,258.9,178.9,198.9
2014-01-26,139.0,189.0,159.0,219.0,239.0,339.0,289.0,259.0,179.0,199.0
2014-01-27,139.1,189.1,159.1,219.1,239.1,339.1,289.1,259.1,179.1,199.1
2014-01-28,139.2,189.2,159.2,219.2,239.2,339.2,289.2,259.2,179.2,199.2
2014-01-29,139.3,189.3,159.3,219.3,239.3,339.3,289.3,259.3,179.3,199.3
2014-01-30,139.4,189.4,159.4,219.4,239.4,339.4,289.4,259.4,179.4,199.4
2014-01-31,139.5,189.5,159.5,219.5,239.5,339.5,289.5,259.5,179.5,199.5
2014-02-01,139.6,189.6,159.6,219.6,239.6,339.6,289.6,259.6,179.6,199.6
2014-02-02,139.7,189.7,159.7,219.7,239.7,339.7,289.7,259.7,179.7,199.7
2014-02-03,139.8,189.8,159.8,219.8,239.8,339.8,289.8,259.8,179.8,199.8
2014-02-04,139.9,189.9,159.9,219.9,239.9,339.9,289.9,259.9,179.9,199.9
2014-02-05,140.0,190.0,160.0,220.0,240.0,340.0,290.0,260.0,180.0,200.0
2014-02-06,140.1,190.1,160.1,220.1,240.1,340.1,290.1,260.1,180.1,200.1
2014-02-07,140.2,190.2,160.2,220.2,240.2,340.2,290.2,260.2,180.2,200.2
2014-02-08,140.3,190.3,160.3,220.3,240.3,340.3,290.3,260.3,180.3,200.3
2014-02-09,140.4,190.4,160.4,220.4,240.4,340.4,290.4,260.4,180.4,200.4
2014-02-10,140.5,190.5,160.5,220.5,240.5,340.5,290.5,260.5,180.5,200.5
2014-02-11,140.6,190.6,160.6,220.6,240.6,340.6,290.6,260.6,180.6,200.6
2014-02-12,140.7,190.7,160.7,220.7,240.7,340.7,290.7,260.7,180.7,200.7
2014-02-13,140.8,190.8,160.8,220.8,240.8,340.8,290.8,260.8,180.8,200.8
2014-02-14,140.9,190.9,160.9,220.9,240.9,340.9,290.9,260.9,180.9,200.9
2014-02-15,141.0,191.0,161.0,221.0,241.0,341.0,291.0,261.0,181.0,201.0
2014-02-16,141.1,191.1,161.1,221.1,241.1,341.1,291.1,261.1,181.1,201.1
2014-02-17,141.2,191.2,161.2,221.2,241.2,341.2,291.2,261.2,181.2,201.2
2014-02-18,141.3,191.3,161.3,221.3,241.3,341.3,291.3,261.3,181.3,201.3
2014-02-19,141.4,191.4,161.4,221.4,241.4,341.4,291.4,261.4,181.4,201.4
2014-02-20,141.5,191.5,161.5,221.5,241.5,341.5,291.5,261.5,181.5,201.5
2014-02-21,141.6,191.6,161.6,221.6,241.6,341.6,291.6,261.6,181.6,201.6
2014-02-22,141.7,191.7,161.7,221.7,241.7,341.7,291.7,261.7,181.7,201.7
2014-02-23,141.8,191.8,161.8,221.8,241.8,341.8,291.8,261.8,181.8,201.8
2014-02-24,141.9,191.9,161.9,221.9,241.9,341.9,291.9,261.9,181.9,201.9
2014-02-25,142.0,192.0,162.0,222.0,242.0,342.0,292.0,262.0,182.0,202.0
2014-02-26,142.1,192.1,162.1,222.1,242.1,342.1,292.1,262.1,182.1,202.1
2014-02-27,142.2,192.2,162.2,222.2,242.2,342.2,292.2,262.2,182.2,202.2
2014-02-28,142.3,192.3,162.3,222.3,242.3,342.3,292.3,262.3,182.3,202.3
2014-03-01,142.4,192.4,162.4,222.4,242.4,342.4,292.4,262.4,182.4,202.4
2014-03-02,142.5,192.5,162.5,222.5,242.5,342.5,292.5,262.5,182.5,202.5
2014-03-03,142.6,192.6,162.6,222.6,242.6,342.6,292.6,262.6,182.6,202.6
2014-03-04,142.7,192.7,162.7,222.7,242.7,342.7,292.7,262.7,182.7,202.7
2014-03-05,142.8,192.8,162.8,222.8,242.8,342.8,292.8,262.8,182.8,202.8
2014-03-06,142.9,192.9,162.9,222.9,242.9,342.9,292.9,262.9,182.9,202.9
2014-03-07,143.0,193.0,163.0,223.0,243.0,343.0,293.0,263.0,183.0,203.0
2014-03-08,143.1,193.1,163.1,223.1,243.1,343.1,293.1,263.1,183.1,203.1
2014-03-09,143.2,193.2,163.2,223.2,243.2,343.2,293.2,263.2,183.2,203.2
2014-03-10,143.3,193.3,163.3,223.3,243.3,343.3,293.3,263.3,183.3,203.3
2014-03-11,143.4,193.4,163.4,223.4,243.4,343.4,293.4,263.4,183.4,203.4
2014-03-12,143.5,193.5,163.5,223.5,243.5,343.5,293.5,263.5,183.5,203.5
2014-03-13,143.6,193.6,163.6,223.6,243.6,343.6,293.6,263.6,183.6,203.6
2014-03-14,143.7,193.7,163.7,223.7,243.7,343.7,293.7,263.7,183.7,203.7
2014-03-15,143.8,193.8,163.8,223.8,243.8,343.8,293.8,263.8,183.8,203.8
2014-03-16,143.9,193.9,163.9,223.9,243.9,343.9,293.9,263.9,183.9,203.9
2014-03-17,144.0,194.0,164.0,224.0,244.0,344.0,294.0,264.0,184.0,204.0
2014-03-18,144.1,194.1,164.1,224.1,244.1,344.1,294.1,264.1,184.1,204.1
2014-03-19,144.2,194.2,164.2,224.2,244.2,344.2,294.2,264.2,184.2,204.2
2014-03-20,144.3,194.3,164.3,224.3,244.3,344.3,294.3,264.3,184.3,204.3
2014-03-21,144.4,194.4,164.4,224.4,244.4,344.4,294.4,264.4,184.4,204.4
2014-03-22,144.5,194.5,164.5,224.5,244.5,344.5,294.5,264.5,184.5,204.5
2014-03-23,144.6,194.6,164.6,224.6,244.6,344.6,294.6,264.6,184.6,204.6
2014-03-24,144.7,194.7,164.7,224.7,244.7,344.7,294.7,264.7,184.7,204.7
2014-03-25,144.8,194.8,164.8,224.8,244.8,344.8,294.8,264.8,184.8,204.8
2014-03-26,144.9,194.9,164.9,224.9,244.9,344.9,294.9,264.9,184.9,204.9
2014-03-27,145.0,195.0,165.0,225.0,245.0,345.0,295.0,265.0,185.0,205.0
2014-03-28,145.1,195.1,165.1,225.1,245.1,345.1,295.1,265.1,185.1,205.1
2014-03-29,145.2,195.2,165.2,225.2,245.2,345.2,295.2,265.2,185.2,205.2
2014-03-30,145.3,195.3,165.3,225.3,245.3,345.3,295.3,265.3,185.3,205.3
2014-03-31,145.4,195.4,165.4,225.4,245.4,345.4,295.4,265.4,185.4,205.4
2014-04-01,145.5,195.5,165.5,225.5,245.5,345.5,295.5,265.5,185.5,205.5
2014-04-02,145.6,195.6,165.6,225.6,245.6,345.6,295.6,265.6,185.6,205.6
2014-04-03,145.7,195.7,165.7,225.7,245.7,345.7,295.7,265.7,185.7,205.7
2014-04-04,145.8,195.8,165.8,225.8,245.8,345.8,295.8,265.8,185.8,205.8
2014-04-05,145.9,195.9,165.9,225.9,245.9,345.9,295.9,265.9,185.9,205.9
2014-04-06,146.0,196.0,166.0,226.0,246.0,346.0,296.0,266.0,186.0,206.0
2014-04-07,146.1,196.1,166.1,226.1,246.1,346.1,296.1,266.1,186.1,206.1
2014-04-08,146.2,196.2,166.2,226.2,246.2,346.2,296.2,266.2,186.2,206.2
2014-04-09,146.3,196.3,166.3,226.3,246.3,346.3,296.3,266.3,186.3,206.3
2014-04-10,146.4,196.4,166.4,226.4,246.4,346.4,296.4,266.4,186.4,206.4
2014-04-11,146.5,196.5,166.5,226.5,246.5,346.5,296.5,266.5,186.5,206.5
2014-04-12,146.6,196.6,166.6,226.6,246.6,346.6,296.6,266.6,186.6,206.6
2014-04-13,146.7,196.7,166.7,226.7,246.7,346.7,296.7,266.7,186.7,206.7
2014-04-14,146.8,196.8,166.8,226.8,246.8,346.8,296.8,266.8,186.8,206.8
2014-04-15,146.9,196.9,166.9,226.9,246.9,346.9,296.9,266.9,186.9,206.9
2014-04-16,147.0,197.0,167.0,227.0,247.0,347.0,297.0,267.0,187.0,207.0
2014-04-17,147.1,197.1,167.1,227.1,247.1,347.1,297.1,267.1,187.1,207.1
2014-04-18,147.2,197.2,167.2,227.2,247.2,347.2,297.2,267.2,187.2,207.2
2014-04-19,147.3,197.3,167.3,227.3,247.3,347.3,297.3,267.3,187.3,207.3
2014-04-20,147.4,197.4,167.4,227.4,247.4,347.4,297.4,267.4,187.4,207.4
2014-04-21,147.5,197.5,167.5,227.5,247.5,347.5,297.5,267.5,187.5,207.5
2014-04-22,147.6,197.6,167.6,227.6,247.6,347.6,297.6,267.6,187.6,207.6
2014-04-23,147.7,197.7,167.7,227.7,247.7,347.7,297.7,267.7,187.7,207.7
2014-04-24,147.8,197.8,167.8,227.8,247.8,347.8,297.8,267.8,187.8,207.8
2014-04-25,147.9,197.9,167.9,227.9,247.9,347.9,297.9,267.9,187.9,207.9
2014-04-26,148.0,198.0,168.0,228.0,248.0,348.0,298.0,268.0,188.0,208.0
2014-04-27,148.1,198.1,168.1,228.1,248.1,348.1,298.1,268.1,188.1,208.1
2014-04-28,148.2,198.2,168.2,228.2,248.2,348.2,298.2,268.2,188.2,208.2
2014-04-29,148.3,198.3,168.3,228.3,248.3,348.3,298.3,268.3,188.3,208.3
2014-04-30,148.4,198.4,168.4,228.4,248.4,348.4,298.4,268.4,188.4,208.4
2014-05-01,148.5,198.5,168.5,228.5,248.5,348.5,298.5,268.5,188.5,208.5
2014-05-02,148.6,198.6,168.6,228.6,248.6,348.6,298.6,268.6,188.6,208.6
2014-05-03,148.7,198.7,168.7,228.7,248.7,348.7,298.7,268.7,188.7,208.7
2014-05-04,148.8,198.8,168.8,228.8,248.8,348.8,298.8,268.8,188.8,208.8
2014-05-05,148.9,198.9,168.9,228.9,248.9,348.9,298.9,268.9,188.9,208.9
2014-05-06,149.0,199.0,169.0,229.0,249.0,349.0,299.0,269.0,189.0,209.0
2014-05-07,149.1,199.1,169.1,229.1,249.1,349.1,299.1,269.1,189.1,209.1
2014-05-08,149.2,199.2,169.2,229.2,249.2,349.2,299.2,269.2,189.2,209.2
2014-05-09,149.3,199.3,169.3,229.3,249.3,349.3,299.3,269.3,189.3,209.3
2014-05-10,149.4,199.4,169.4,229.4,249.4,349.4,299.4,269.4,189.4,209.4
2014-05-11,149.5,199.5,169.5,229.5,249.5,349.5,299.5,269.5,189.5,209.5
2014-05-12,149.6,199.6,169.6,229.6,249.6,349.6,299.6,269.6,189.6,209.6
2014-05-13,149.7,199.7,169.7,229.7,249.7,349.7,299.7,269.7,189.7,209.7
2014-05-14,149.8,199.8,169.8,229.8,249.8,349.8,299.8,269.8,189.8,209.8
2014-05-15,149.9,199.9,169.9,229.9,249.9,349.9,299.9,269.9,189.9,209.9
2014-05-16,150.0,200.0,170.0,230.0,250.0,350.0,300.0,270.0,190.0,210.0
2014-05-17,150.1,200.1,170.1,230.1,250.1,350.1,300.1,270.1,190.1,210.1
2014-05-18,150.2,200.2,170.2,230.2,250.2,350.2,300.2,270.2,190.2,210.2
2014-05-19,150.3,200.3,170.3,230.3,250.3,350.3,300.3,270.3,190.3,210.3
2014-05-20,150.4,200.4,170.4,230.4,250.4,350.4,300.4,270.4,190.4,210.4
2014-05-21,150.5,200.5,170.5,230.5,250.5,350.5,300.5,270.5,190.5,210.5
2014-05-22,150.6,200.6,170.6,230.6,250.6,350.6,300.6,270.6,190.6,210.6
2014-05-23,150.7,200.7,170.7,230.7,250.7,350.7,300.7,270.7,190.7,210.7
2014-05-24,150.8,200.8,170.8,230.8,250.8,350.8,300.8,270.8,190.8,210.8
2014-05-25,150.9,200.9,170.9,230.9,250.9,350.9,300.9,270.9,190.9,210.9
2014-05-26,151.0,201.0,171.0,231.0,251.0,351.0,301.0,271.0,191.0,211.0
2014-05-27,151.1,201.1,171.1,231.1,251.1,351.1,301.1,271.1,191.1,211.1
2014-05-28,151.2,201.2,171.2,231.2,251.2,351.2,301.2,271.2,191.2,211.2
2014-05-29,151.3,201.3,171.3,231.3,251.3,351.3,301.3,271.3,191.3,211.3
2014-05-30,151.4,201.4,171.4,231.4,251.4,351.4,301.4,271.4,191.4,211.4
2014-05-31,151.5,201.5,171.5,231.5,251.5,351.5,301.5,271.5,191.5,211.5
2014-06-01,151.6,201.6,171.6,231.6,251.6,351.6,301.6,271.6,191.6,211.6
2014-06-02,151.7,201.7,171.7,231.7,251.7,351.7,301.7,271.7,191.7,211.7
2014-06-03,151.8,201.8,171.8,231.8,251.8,351.8,301.8,271.8,191.8,211.8
2014-06-04,151.9,201.9,171.9,231.9,251.9,351.9,301.9,271.9,191.9,211.9
2014-06-05,152.0,202.0,172.0,232.0,252.0,352.0,302.0,272.0,192.0,212.0
2014-06-06,152.1,202.1,172.1,232.1,252.1,352.1,302.1,272.1,192.1,212.1
2014-06-07,152.2,202.2,172.2,232.2,252.2,352.2,302.2,272.2,192.2,212.2
2014-06-08,152.3,202.3,172.3,232.3,252.3,352.3,302.3,272.3,192.3,212.3
2014-06-09,152.4,202.4,172.4,232.4,252.4,352.4,302.4,272.4,192.4,212.4
2014-06-10,152.5,202.5,172.5,232.5,252.5,352.5,302.5,272.5,192.5,212.5
2014-06-11,152.6,202.6,172.6,232.6,252.6,352.6,302.6,272.6,192.6,212.6
2014-06-12,152.7,202.7,172.7,232.7,252.7,352.7,302.7,272.7,192.7,212.7
2014-06-13,152.8,202.8,172.8,232.8,252.8,352.8,302.8,272.8,192.8,212.8
2014-06-14,152.9,202.9,172.9,232.9,252.9,352.9,302.9,272.9,192.9,212.9
2014-06-15,153.0,203.0,173.0,233.0,253.0,353.0,303.0,273.0,193.0,213.0
2014-06-16,153.1,203.1,173.1,233.1,253.1,353.1,303.1,273.1,193.1,213.1
2014-06-17,153.2,203.2,173.2,233.2,253.2,353.2,303.2,273.2,193.2,213.2
2014-06-18,153.3,203.3,173.3,233.3,253.3,353.3,303.3,273.3,193.3,213.3
2014-06-19,153.4,203.4,173.4,233.4,253.4,353.4,303.4,273.4,193.4,213.4
2014-06-20,153.5,203.5,173.5,233.5,253.5,353.5,303.5,273.5,193.5,213.5
2014-06-21,153.6,203.6,173.6,233.6,253.6,353.6,303.6,273.6,193.6,213.6
2014-06-22,153.7,203.7,173.7,233.7,253.7,353.7,303.7,273.7,193.7,213.7
2014-06-23,153.8,203.8,173.8,233.8,253.8,353.8,303.8,273.8,193.8,213.8
2014-06-24,153.9,203.9,173.9,233.9,253.9,353.9,303.9,273.9,193.9,213.9
2014-06-25,154.0,204.0,174.0,234.0,254.0,354.0,304.0,274.0,194.0,214.0
2014-06-26,154.1,204.1,174.1,234.1,254.1,354.1,304.1,274.1,194.1,214.1
2014-06-27,154.2,204.2,174.2,234.2,254.2,354.2,304.2,274.2,194.2,214.2
2014-06-28,154.3,204.3,174.3,234.3,254.3,354.3,304.3,274.3,194.3,214.3
2014-06-29,154.4,204.4,174.4,234.4,254.4,354.4,304.4,274.4,194.4,214.4
2014-06-30,154.5,204.5,174.5,234.5,254.5,354.5,304.5,274.5,194.5,214.5
2014-07-01,154.6,204.6,174.6,234.6,254.6,354.6,304.6,274.6,194.6,214.6
2014-07-02,154.7,204.7,174.7,234.7,254.7,354.7,304.7,274.7,194.7,214.7
2014-07-03,154.8,204.8,174.8,234.8,254.8,354.8,304.8,274.8,194.8,214.8
2014-07-04,154.9,204.9,174.9,234.9,254.9,354.9,304.9,274.9,194.9,214.9
2014-07-05,155.0,205.0,175.0,235.0,255.0,355.0,305.0,275.0,195.0,215.0
2014-07-06,155.1,205.1,175.1,235.1,255.1,355.1,305.1,275.1,195.1,215.1
2014-07-07,155.2,205.2,175.2,235.2,255.2,355.2,305.2,275.2,195.2,215.2
2014-07-08,155.3,205.3,175.3,235.3,255.3,355.3,305.3,275.3,195.3,215.3
2014-07-09,155.4,205.4,175.4,235.4,255.4,355.4,305.4,275.4,195.4,215.4
2014-07-10,155.5,205.5,175.5,235.5,255.5,355.5,305.5,275.5,195.5,215.5
2014-07-11,155.6,205.6,175.6,235.6,255.6,355.6,305.6,275.6,195.6,215.6
2014-07-12,155.7,205.7,175.7,235.7,255.7,355.7,305.7,275.7,195.7,215.7
2014-07-13,155.8,205.8,175.8,235.8,255.8,355.8,305.8,275.8,195.8,215.8
2014-07-14,155.9,205.9,175.9,235.9,255.9,355.9,305.9,275.9,195.9,215.9
2014-07-15,156.0,206.0,176.0,236.0,256.0,356.0,306.0,276.0,196.0,216.0
2014-07-16,156.1,206.1,176.1,236.1,256.1,356.1,306.1,276.1,196.1,216.1
2014-07-17,156.2,206.2,176.2,236.2,256.2,356.2,306.2,276.2,196.2,216.2
2014-07-18,156.3,206.3,176.3,236.3,256.3,356.3,306.3,276.3,196.3,216.3
2014-07-19,156.4,206.4,176.4,236.4,256.4,356.4,306.4,276.4,196.4,216.4
2014-07-20,156.5,206.5,176.5,236.5,256.5,356.5,306.5,276.5,196.5,216.5
2014-07-21,156.6,206.6,176.6,236.6,256.6,356.6,306.6,276.6,196.6,216.6
2014-07-22,156.7,206.7,176.7,236.7,256.7,356.7,306.7,276.7,196.7,216.7
2014-07-23,156.8,206.8,176.8,236.8,256.8,356.8,306.8,276.8,196.8,216.8
2014-07-24,156.9,206.9,176.9,236.9,256.9,356.9,306.9,276.9,196.9,216.9
2014-07-25,157.0,207.0,177.0,237.0,257.0,357.0,307.0,277.0,197.0,217.0
2014-07-26,157.1,207.1,177.1,237.1,257.1,357.1,307.1,277.1,197.1,217.1
2014-07-27,157.2,207.2,177.2,237.2,257.2,357.2,307.2,277.2,197.2,217.2
2014-07-28,157.3,207.3,177.3,237.3,257.3,357.3,307.3,277.3,197.3,217.3
2014-07-29,157.4,207.4,177.4,237.4,257.4,357.4,307.4,277.4,197.4,217.4
2014-07-30,157.5,207.5,177.5,237.5,257.5,357.5,307.5,277.5,197.5,217.5
2014-07-31,157.6,207.6,177.6,237.6,257.6,357.6,307.6,277.6,197.6,217.6
2014-08-01,157.7,207.7,177.7,237.7,257.7,357.7,307.7,277.7,197.7,217.7
2014-08-02,157.8,207.8,177.8,237.8,257.8,357.8,307.8,277.8,197.8,217.8
2014-08-03,157.9,207.9,177.9,237.9,257.9,357.9,307.9,277.9,197.9,217.9
2014-08-04,158.0,208.0,178.0,238.0,258.0,358.0,308.0,278.0,198.0,218.0
2014-08-05,158.1,208.1,178.1,238.1,258.1,358.1,308.1,278.1,198.1,218.1
2014-08-06,158.2,208.2,178.2,238.2,258.2,358.2,308.2,278.2,198.2,218.2
2014-08-07,158.3,208.3,178.3,238.3,258.3,358.3,308.3,278.3,198.3,218.3
2014-08-08,158.4,208.4,178.4,238.4,258.4,358.4,308.4,278.4,198.4,218.4
2014-08-09,158.5,208.5,178.5,238.5,258.5,358.5,308.5,278.5,198.5,218.5
2014-08-10,158.6,208.6,178.6,238.6,258.6,358.6,308.6,278.6,198.6,218.6
2014-08-11,158.7,208.7,178.7,238.7,258.7,358.7,308.7,278.7,198.7,218.7
2014-08-12,158.8,208.8,178.8,238.8,258.8,358.8,308.8,278.8,198.8,218.8
2014-08-13,158.9,208.9,178.9,238.9,258.9,358.9,308.9,278.9,198.9,218.9
2014-08-14,159.0,209.0,179.0,239.0,259.0,359.0,309.0,279.0,199.0,219.0
2014-08-15,159.1,209.1,179.1,239.1,259.1,359.1,309.1,279.1,199.1,219.1
2014-08-16,159.2,209.2,179.2,239.2,259.2,359.2,309.2,279.2,199.2,219.2
2014-08-17,159.3,209.3,179.3,239.3,259.3,359.3,309.3,279.3,199.3,219.3
2014-08-18,159.4,209.4,179.4,239.4,259.4,359.4,309.4,279.4,199.4,219.4
2014-08-19,159.5,209.5,179.5,239.5,259.5,359.5,309.5,279.5,199.5,219.5
2014-08-20,159.6,209.6,179.6,239.6,259.6,359.6,309.6,279.6,199.6,219.6
2014-08-21,159.7,209.7,179.7,239.7,259.7,359.7,309.7,279.7,199.7,219.7
2014-08-22,159.8,209.8,179.8,239.8,259.8,359.8,309.8,279.8,199.8,219.8
2014-08-23,159.9,209.9,179.9,239.9,259.9,359.9,309.9,279.9,199.9,219.9
2014-08-24,160.0,210.0,180.0,240.0,260.0,360.0,310.0,280.0,200.0,220.0
2014-08-25,160.1,210.1,180.1,240.1,260.1,360.1,310.1,280.1,200.1,220.1
2014-08-26,160.2,210.2,180.2,240.2,260.2,360.2,310.2,280.2,200.2,220.2
2014-08-27,160.3,210.3,180.3,240.3,260.3,360.3,310.3,280.3,200.3,220.3
2014-08-28,160.4,210.4,180.4,240.4,260.4,360.4,310.4,280.4,200.4,220.4
2014-08-29,160.5,210.5,180.5,240.5,260.5,360.5,310.5,280.5,200.5,220.5
2014-08-30,160.6,210.6,180.6,240.6,260.6,360.6,310.6,280.6,200.6,220.6
2014-08-31,160.7,210.7,180.7,240.7,260.7,360.7,310.7,280.7,200.7,220.7
2014-09-01,160.8,210.8,180.8,240.8,260.8,360.8,310.8,280.8,200.8,220.8
2014-09-02,160.9,210.9,180.9,240.9,260.9,360.9,310.9,280.9,200.9,220.9
2014-09-03,161.0,211.0,181.0,241.0,261.0,361.0,311.0,281.0,201.0,221.0
2014-09-04,161.1,211.1,181.1,241.1,261.1,361.1,311.1,281.1,201.1,221.1
2014-09-05,161.2,211.2,181.2,241.2,261.2,361.2,311.2,281.2,201.2,221.2
2014-09-06,161.3,211.3,181.3,241.3,261.3,361.3,311.3,281.3,201.3,221.3
2014-09-07,161.4,211.4,181.4,241.4,261.4,361.4,311.4,281.4,201.4,221.4
2014-09-08,161.5,211.5,181.5,241.5,261.5,361.5,311.5,281.5,201.5,221.5
2014-09-09,161.6,211.6,181.6,241.6,261.6,361.6,311.6,281.6,201.6,221.6
2014-09-10,161.7,211.7,181.7,241.7,261.7,361.7,311.7,281.7,201.7,221.7
2014-09-11,161.8,211.8,181.8,241.8,261.8,361.8,311.8,281.8,201.8,221.8
2014-09-12,161.9,211.9,181.9,241.9,261.9,361.9,311.9,281.9,201.9,221.9
2014-09-13,162.0,212.0,182.0,242.0,262.0,362.0,312.0,282.0,202.0,222.0
2014-09-14,162.1,212.1,182.1,242.1,262.1,362.1,312.1,282.1,202.1,222.1
2014-09-15,162.2,212.2,182.2,242.2,262.2,362.2,312.2,282.2,202.2,222.2
2014-09-16,162.3,212.3,182.3,242.3,262.3,362.3,312.3,282.3,202.3,222.3
2014-09-17,162.4,212.4,182.4,242.4,262.4,362.4,312.4,282.4,202.4,222.4
2014-09-18,162.5,212.5,182.5,242.5,262.5,362.5,312.5,282.5,202.5,222.5
2014-09-19,162.6,212.6,182.6,242.6,262.6,362.6,312.6,282.6,202.6,222.6
2014-09-20,162.7,212.7,182.7,242.7,262.7,362.7,312.7,282.7,202.7,222.7
2014-09-21,162.8,212.8,182.8,242.8,262.8,362.8,312.8,282.8,202.8,222.8
2014-09-22,162.9,212.9,182.9,242.9,262.9,362.9,312.9,282.9,202.9,222.9
2014-09-23,163.0,213.0,183.0,243.0,263.0,363.0,313.0,283.0,203.0,223.0
2014-09-24,163.1,213.1,183.1,243.1,263.1,363.1,313.1,283.1,203.1,223.1
2014-09-25,163.2,213.2,183.2,243.2,263.2,363.2,313.2,283.2,203.2,223.2
2014-09-26,163.3,213.3,183.3,243.3,263.3,363.3,313.3,283.3,203.3,223.3
2014-09-27,163.4,213.4,183.4,243.4,263.4,363.4,313.4,283.4,203.4,223.4
2014-09-28,163.5,213.5,183.5,243.5,263.5,363.5,313.5,283.5,203.5,223.5
2014-09-29,163.6,213.6,183.6,243.6,263.6,363.6,313.6,283.6,203.6,223.6
2014-09-30,163.7,213.7,183.7,243.7,263.7,363.7,313.7,283.7,203.7,223.7
2014-10-01,163.8,213.8,183.8,243.8,263.8,363.8,313.8,283.8,203.8,223.8
2014-10-02,163.9,213.9,183.9,243.9,263.9,363.9,313.9,283.9,203.9,223.9
2014-10-03,164.0,214.0,184.0,244.0,264.0,364.0,314.0,284.0,204.0,224.0
2014-10-04,164.10000000000002,214.10000000000002,184.10000000000002,244.10000000000002,264.1,364.1,314.1,284.1,204.10000000000002,224.10000000000002
2014-10-05,164.2,214.2,184.2,244.2,264.2,364.2,314.2,284.2,204.2,224.2
2014-10-06,164.3,214.3,184.3,244.3,264.3,364.3,314.3,284.3,204.3,224.3
2014-10-07,164.4,214.4,184.4,244.4,264.4,364.4,314.4,284.4,204.4,224.4
2014-10-08,164.5,214.5,184.5,244.5,264.5,364.5,314.5,284.5,204.5,224.5
2014-10-09,164.60000000000002,214.60000000000002,184.60000000000002,244.60000000000002,264.6,364.6,314.6,284.6,204.60000000000002,224.60000000000002
2014-10-10,164.7,214.7,184.7,244.7,264.7,364.7,314.7,284.7,204.7,224.7
2014-10-11,164.8,214.8,184.8,244.8,264.8,364.8,314.8,284.8,204.8,224.8
2014-10-12,164.9,214.9,184.9,244.9,264.9,364.9,314.9,284.9,204.9,224.9
2014-10-13,165.0,215.0,185.0,245.0,265.0,365.0,315.0,285.0,205.0,225.0
2014-10-14,165.10000000000002,215.10000000000002,185.10000000000002,245.10000000000002,265.1,365.1,315.1,285.1,205.10000000000002,225.10000000000002
2014-10-15,165.2,215.2,185.2,245.2,265.2,365.2,315.2,285.2,205.2,225.2
2014-10-16,165.3,215.3,185.3,245.3,265.3,365.3,315.3,285.3,205.3,225.3
2014-10-17,165.4,215.4,185.4,245.4,265.4,365.4,315.4,285.4,205.4,225.4
2014-10-18,165.5,215.5,185.5,245.5,265.5,365.5,315.5,285.5,205.5,225.5
2014-10-19,165.60000000000002,215.60000000000002,185.60000000000002,245.60000000000002,265.6,365.6,315.6,285.6,205.60000000000002,225.60000000000002
2014-10-20,165.7,215.7,185.7,245.7,265.7,365.7,315.7,285.7,205.7,225.7
2014-10-21,165.8,215.8,185.8,245.8,265.8,365.8,315.8,285.8,205.8,225.8
2014-10-22,165.9,215.9,185.9,245.9,265.9,365.9,315.9,285.9,205.9,225.9
2014-10-23,166.0,216.0,186.0,246.0,266.0,366.0,316.0,286.0,206.0,226.0
2014-10-24,166.10000000000002,216.10000000000002,186.10000000000002,246.10000000000002,266.1,366.1,316.1,286.1,206.10000000000002,226.10000000000002
2014-10-25,166.2,216.2,186.2,246.2,266.2,366.2,316.2,286.2,206.2,226.2
2014-10-26,166.3,216.3,186.3,246.3,266.3,366.3,316.3,286.3,206.3,226.3
2014-10-27,166.4,216.4,186.4,246.4,266.4,366.4,316.4,286.4,206.4,226.4
2014-10-28,166.5,216.5,186.5,246.5,266.5,366.5,316.5,286.5,206.5,226.5
2014-10-29,166.60000000000002,216.60000000000002,186.60000000000002,246.60000000000002,266.6,366.6,316.6,286.6,206.60000000000002,226.60000000000002
2014-10-30,166.7,216.7,186.7,246.7,266.7,366.7,316.7,286.7,206.7,226.7
2014-10-31,166.8,216.8,186.8,246.8,266.8,366.8,316.8,286.8,206.8,226.8
2014-11-01,166.9,216.9,186.9,246.9,266.9,366.9,316.9,286.9,206.9,226.9
2014-11-02,167.0,217.0,187.0,247.0,267.0,367.0,317.0,287.0,207.0,227.0
2014-11-03,167.10000000000002,217.10000000000002,187.10000000000002,247.10000000000002,267.1,367.1,317.1,287.1,207.10000000000002,227.10000000000002
2014-11-04,167.2,217.2,187.2,247.2,267.2,367.2,317.2,287.2,207.2,227.2
2014-11-05,167.3,217.3,187.3,247.3,267.3,367.3,317.3,287.3,207.3,227.3
2014-11-06,167.4,217.4,187.4,247.4,267.4,367.4,317.4,287.4,207.4,227.4
2014-11-07,167.5,217.5,187.5,247.5,267.5,367.5,317.5,287.5,207.5,227.5
2014-11-08,167.60000000000002,217.60000000000002,187.60000000000002,247.60000000000002,267.6,367.6,317.6,287.6,207.60000000000002,227.60000000000002
2014-11-09,167.7,217.7,187.7,247.7,267.7,367.7,317.7,287.7,207.7,227.7
2014-11-10,167.8,217.8,187.8,247.8,267.8,367.8,317.8,287.8,207.8,227.8
2014-11-11,167.9,217.9,187.9,247.9,267.9,367.9,317.9,287.9,207.9,227.9
2014-11-12,168.0,218.0,188.0,248.0,268.0,368.0,318.0,288.0,208.0,228.0
2014-11-13,168.10000000000002,218.10000000000002,188.10000000000002,248.10000000000002,268.1,368.1,318.1,288.1,208.10000000000002,228.10000000000002
2014-11-14,168.2,218.2,188.2,248.2,268.2,368.2,318.2,288.2,208.2,228.2
2014-11-15,168.3,218.3,188.3,248.3,268.3,368.3,318.3,288.3,208.3,228.3
2014-11-16,168.4,218.4,188.4,248.4,268.4,368.4,318.4,288.4,208.4,228.4
2014-11-17,168.5,218.5,188.5,248.5,268.5,368.5,318.5,288.5,208.5,228.5
2014-11-18,168.60000000000002,218.60000000000002,188.60000000000002,248.60000000000002,268.6,368.6,318.6,288.6,208.60000000000002,228.60000000000002
2014-11-19,168.7,218.7,188.7,248.7,268.7,368.7,318.7,288.7,208.7,228.7
2014-11-20,168.8,218.8,188.8,248.8,268.8,368.8,318.8,288.8,208.8,228.8
2014-11-21,168.9,218.9,188.9,248.9,268.9,368.9,318.9,288.9,208.9,228.9
2014-11-22,169.0,219.0,189.0,249.0,269.0,369.0,319.0,289.0,209.0,229.0
2014-11-23,169.10000000000002,219.10000000000002,189.10000000000002,249.10000000000002,269.1,369.1,319.1,289.1,209.10000000000002,229.10000000000002
2014-11-24,169.2,219.2,189.2,249.2,269.2,369.2,319.2,289.2,209.2,229.2
2014-11-25,169.3,219.3,189.3,249.3,269.3,369.3,319.3,289.3,209.3,229.3
2014-11-26,169.4,219.4,189.4,249.4,269.4,369.4,319.4,289.4,209.4,229.4
2014-11-27,169.5,219.5,189.5,249.5,269.5,369.5,319.5,289.5,209.5,229.5
2014-11-28,169.60000000000002,219.60000000000002,189.60000000000002,249.60000000000002,269.6,369.6,319.6,289.6,209.60000000000002,229.60000000000002
2014-11-29,169.7,219.7,189.7,249.7,269.7,369.7,319.7,289.7,209.7,229.7
2014-11-30,169.8,219.8,189.8,249.8,269.8,369.8,319.8,289.8,209.8,229.8
2014-12-01,169.9,219.9,189.9,249.9,269.9,369.9,319.9,289.9,209.9,229.9
2014-12-02,170.0,220.0,190.0,250.0,270.0,370.0,320.0,290.0,210.0,230.0
2014-12-03,170.10000000000002,220.10000000000002,190.10000000000002,250.10000000000002,270.1,370.1,320.1,290.1,210.10000000000002,230.10000000000002
2014-12-04,170.2,220.2,190.2,250.2,270.2,370.2,320.2,290.2,210.2,230.2
2014-12-05,170.3,220.3,190.3,250.3,270.3,370.3,320.3,290.3,210.3,230.3
2014-12-06,170.4,220.4,190.4,250.4,270.4,370.4,320.4,290.4,210.4,230.4
2014-12-07,170.5,220.5,190.5,250.5,270.5,370.5,320.5,290.5,210.5,230.5
2014-12-08,170.60000000000002,220.60000000000002,190.60000000000002,250.60000000000002,270.6,370.6,320.6,290.6,210.60000000000002,230.60000000000002
2014-12-09,170.7,220.7,190.7,250.7,270.7,370.7,320.7,290.7,210.7,230.7
2014-12-10,170.8,220.8,190.8,250.8,270.8,370.8,320.8,290.8,210.8,230.8
2014-12-11,170.9,220.9,190.9,250.9,270.9,370.9,320.9,290.9,210.9,230.9
2014-12-12,171.0,221.0,191.0,251.0,271.0,371.0,321.0,291.0,211.0,231.0
2014-12-13,171.10000000000002,221.10000000000002,191.10000000000002,251.10000000000002,271.1,371.1,321.1,291.1,211.10000000000002,231.10000000000002
2014-12-14,171.2,221.2,191.2,251.2,271.2,371.2,321.2,291.2,211.2,231.2
2014-12-15,171.3,221.3,191.3,251.3,271.3,371.3,321.3,291.3,211.3,231.3
2014-12-16,171.4,221.4,191.4,251.4,271.4,371.4,321.4,291.4,211.4,231.4
2014-12-17,171.5,221.5,191.5,251.5,271.5,371.5,321.5,291.5,211.5,231.5
2014-12-18,171.60000000000002,221.60000000000002,191.60000000000002,251.60000000000002,271.6,371.6,321.6,291.6,211.60000000000002,231.60000000000002
2014-12-19,171.7,221.7,191.7,251.7,271.7,371.7,321.7,291.7,211.7,231.7
2014-12-20,171.8,221.8,191.8,251.8,271.8,371.8,321.8,291.8,211.8,231.8
2014-12-21,171.9,221.9,191.9,251.9,271.9,371.9,321.9,291.9,211.9,231.9
2014-12-22,172.0,222.0,192.0,252.0,272.0,372.0,322.0,292.0,212.0,232.0
2014-12-23,172.10000000000002,222.10000000000002,192.10000000000002,252.10000000000002,272.1,372.1,322.1,292.1,212.10000000000002,232.10000000000002
2014-12-24,172.2,222.2,192.2,252.2,272.2,372.2,322.2,292.2,212.2,232.2
2014-12-25,172.3,222.3,192.3,252.3,272.3,372.3,322.3,292.3,212.3,232.3
2014-12-26,172.4,222.4,192.4,252.4,272.4,372.4,322.4,292.4,212.4,232.4
2014-12-27,172.5,222.5,192.5,252.5,272.5,372.5,322.5,292.5,212.5,232.5
2014-12-28,172.60000000000002,222.60000000000002,192.60000000000002,252.60000000000002,272.6,372.6,322.6,292.6,212.60000000000002,232.60000000000002
2014-12-29,172.7,222.7,192.7,252.7,272.7,372.7,322.7,292.7,212.7,232.7
2014-12-30,172.8,222.8,192.8,252.8,272.8,372.8,322.8,292.8,212.8,232.8
2014-12-31,172.9,222.9,192.9,252.9,272.9,372.9,322.9,292.9,212.9,232.9
2015-01-01,173.0,223.0,193.0,253.0,273.0,373.0,323.0,293.0,213.0,233.0
2015-01-02,173.10000000000002,223.10000000000002,193.10000000000002,253.10000000000002,273.1,373.1,323.1,293.1,213.10000000000002,233.10000000000002
2015-01-03,173.2,223.2,193.2,253.2,273.2,373.2,323.2,293.2,213.2,233.2
2015-01-04,173.3,223.3,193.3,253.3,273.3,373.3,323.3,293.3,213.3,233.3
2015-01-05,173.4,223.4,193.4,253.4,273.4,373.4,323.4,293.4,213.4,233.4
2015-01-06,173.5,223.5,193.5,253.5,273.5,373.5,323.5,293.5,213.5,233.5
2015-01-07,173.60000000000002,223.60000000000002,193.60000000000002,253.60000000000002,273.6,373.6,323.6,293.6,213.60000000000002,233.60000000000002
2015-01-08,173.7,223.7,193.7,253.7,273.7,373.7,323.7,293.7,213.7,233.7
2015-01-09,173.8,223.8,193.8,253.8,273.8,373.8,323.8,293.8,213.8,233.8
2015-01-10,173.9,223.9,193.9,253.9,273.9,373.9,323.9,293.9,213.9,233.9
2015-01-11,174.0,224.0,194.0,254.0,274.0,374.0,324.0,294.0,214.0,234.0
2015-01-12,174.10000000000002,224.10000000000002,194.10000000000002,254.10000000000002,274.1,374.1,324.1,294.1,214.10000000000002,234.10000000000002
2015-01-13,174.2,224.2,194.2,254.2,274.2,374.2,324.2,294.2,214.2,234.2
2015-01-14,174.3,224.3,194.3,254.3,274.3,374.3,324.3,294.3,214.3,234.3
2015-01-15,174.4,224.4,194.4,254.4,274.4,374.4,324.4,294.4,214.4,234.4
2015-01-16,174.5,224.5,194.5,254.5,274.5,374.5,324.5,294.5,214.5,234.5
2015-01-17,174.60000000000002,224.60000000000002,194.60000000000002,254.60000000000002,274.6,374.6,324.6,294.6,214.60000000000002,234.60000000000002
2015-01-18,174.7,224.7,194.7,254.7,274.7,374.7,324.7,294.7,214.7,234.7
2015-01-19,174.8,224.8,194.8,254.8,274.8,374.8,324.8,294.8,214.8,234.8
2015-01-20,174.9,224.9,194.9,254.9,274.9,374.9,324.9,294.9,214.9,234.9
2015-01-21,175.0,225.0,195.0,255.0,275.0,375.0,325.0,295.0,215.0,235.0
2015-01-22,175.10000000000002,225.10000000000002,195.10000000000002,255.10000000000002,275.1,375.1,325.1,295.1,215.10000000000002,235.10000000000002
2015-01-23,175.2,225.2,195.2,255.2,275.2,375.2,325.2,295.2,215.2,235.2
2015-01-24,175.3,225.3,195.3,255.3,275.3,375.3,325.3,295.3,215.3,235.3
2015-01-25,175.4,225.4,195.4,255.4,275.4,375.4,325.4,295.4,215.4,235.4
2015-01-26,175.5,225.5,195.5,255.5,275.5,375.5,325.5,295.5,215.5,235.5
2015-01-27,175.60000000000002,225.60000000000002,195.60000000000002,255.60000000000002,275.6,375.6,325.6,295.6,215.60000000000002,235.60000000000002
2015-01-28,175.7,225.7,195.7,255.7,275.7,375.7,325.7,295.7,215.7,235.7
2015-01-29,175.8,225.8,195.8,255.8,275.8,375.8,325.8,295.8,215.8,235.8
2015-01-30,175.9,225.9,195.9,255.9,275.9,375.9,325.9,295.9,215.9,235.9
2015-01-31,176.0,226.0,196.0,256.0,276.0,376.0,326.0,296.0,216.0,236.0
2015-02-01,176.10000000000002,226.10000000000002,196.10000000000002,256.1,276.1,376.1,326.1,296.1,216.10000000000002,236.10000000000002
2015-02-02,176.2,226.2,196.2,256.2,276.2,376.2,326.2,296.2,216.2,236.2
2015-02-03,176.3,226.3,196.3,256.3,276.3,376.3,326.3,296.3,216.3,236.3
2015-02-04,176.4,226.4,196.4,256.4,276.4,376.4,326.4,296.4,216.4,236.4
2015-02-05,176.5,226.5,196.5,256.5,276.5,376.5,326.5,296.5,216.5,236.5
2015-02-06,176.60000000000002,226.60000000000002,196.60000000000002,256.6,276.6,376.6,326.6,296.6,216.60000000000002,236.60000000000002
2015-02-07,176.7,226.7,196.7,256.7,276.7,376.7,326.7,296.7,216.7,236.7
2015-02-08,176.8,226.8,196.8,256.8,276.8,376.8,326.8,296.8,216.8,236.8
2015-02-09,176.9,226.9,196.9,256.9,276.9,376.9,326.9,296.9,216.9,236.9
2015-02-10,177.0,227.0,197.0,257.0,277.0,377.0,327.0,297.0,217.0,237.0
2015-02-11,177.10000000000002,227.10000000000002,197.10000000000002,257.1,277.1,377.1,327.1,297.1,217.10000000000002,237.10000000000002
2015-02-12,177.2,227.2,197.2,257.2,277.2,377.2,327.2,297.2,217.2,237.2
2015-02-13,177.3,227.3,197.3,257.3,277.3,377.3,327.3,297.3,217.3,237.3
2015-02-14,177.4,227.4,197.4,257.4,277.4,377.4,327.4,297.4,217.4,237.4
2015-02-15,177.5,227.5,197.5,257.5,277.5,377.5,327.5,297.5,217.5,237.5
2015-02-16,177.60000000000002,227.60000000000002,197.60000000000002,257.6,277.6,377.6,327.6,297.6,217.60000000000002,237.60000000000002
2015-02-17,177.7,227.7,197.7,257.7,277.7,377.7,327.7,297.7,217.7,237.7
2015-02-18,177.8,227.8,197.8,257.8,277.8,377.8,327.8,297.8,217.8,237.8
2015-02-19,177.9,227.9,197.9,257.9,277.9,377.9,327.9,297.9,217.9,237.9
2015-02-20,178.0,228.0,198.0,258.0,278.0,378.0,328.0,298.0,218.0,238.0
2015-02-21,178.10000000000002,228.10000000000002,198.10000000000002,258.1,278.1,378.1,328.1,298.1,218.10000000000002,238.10000000000002
2015-02-22,178.2,228.2,198.2,258.2,278.2,378.2,328.2,298.2,218.2,238.2
2015-02-23,178.3,228.3,198.3,258.3,278.3,378.3,328.3,298.3,218.3,238.3
2015-02-24,178.4,228.4,198.4,258.4,278.4,378.4,328.4,298.4,218.4,238.4
2015-02-25,178.5,228.5,198.5,258.5,278.5,378.5,328.5,298.5,218.5,238.5
2015-02-26,178.60000000000002,228.60000000000002,198.60000000000002,258.6,278.6,378.6,328.6,298.6,218.60000000000002,238.60000000000002
2015-02-27,178.7,228.7,198.7,258.7,278.7,378.7,328.7,298.7,218.7,238.7
2015-02-28,178.8,228.8,198.8,258.8,278.8,378.8,328.8,298.8,218.8,238.8
2015-03-01,178.9,228.9,198.9,258.9,278.9,378.9,328.9,298.9,218.9,238.9
2015-03-02,179.0,229.0,199.0,259.0,279.0,379.0,329.0,299.0,219.0,239.0
2015-03-03,179.10000000000002,229.10000000000002,199.10000000000002,259.1,279.1,379.1,329.1,299.1,219.10000000000002,239.10000000000002
2015-03-04,179.2,229.2,199.2,259.2,279.2,379.2,329.2,299.2,219.2,239.2
2015-03-05,179.3,229.3,199.3,259.3,279.3,379.3,329.3,299.3,219.3,239.3
2015-03-06,179.4,229.4,199.4,259.4,279.4,379.4,329.4,299.4,219.4,239.4
2015-03-07,179.5,229.5,199.5,259.5,279.5,379.5,329.5,299.5,219.5,239.5
2015-03-08,179.60000000000002,229.60000000000002,199.60000000000002,259.6,279.6,379.6,329.6,299.6,219.60000000000002,239.60000000000002
2015-03-09,179.7,229.7,199.7,259.7,279.7,379.7,329.7,299.7,219.7,239.7
2015-03-10,179.8,229.8,199.8,259.8,279.8,379.8,329.8,299.8,219.8,239.8
2015-03-11,179.9,229.9,199.9,259.9,279.9,379.9,329.9,299.9,219.9,239.9
2015-03-12,180.0,230.0,200.0,260.0,280.0,380.0,330.0,300.0,220.0,240.0
2015-03-13,180.10000000000002,230.10000000000002,200.10000000000002,260.1,280.1,380.1,330.1,300.1,220.10000000000002,240.10000000000002
2015-03-14,180.2,230.2,200.2,260.2,280.2,380.2,330.2,300.2,220.2,240.2
2015-03-15,180.3,230.3,200.3,260.3,280.3,380.3,330.3,300.3,220.3,240.3
2015-03-16,180.4,230.4,200.4,260.4,280.4,380.4,330.4,300.4,220.4,240.4
2015-03-17,180.5,230.5,200.5,260.5,280.5,380.5,330.5,300.5,220.5,240.5
2015-03-18,180.60000000000002,230.60000000000002,200.60000000000002,260.6,280.6,380.6,330.6,300.6,220.60000000000002,240.60000000000002
2015-03-19,180.7,230.7,200.7,260.7,280.7,380.7,330.7,300.7,220.7,240.7
2015-03-20,180.8,230.8,200.8,260.8,280.8,380.8,330.8,300.8,220.8,240.8
2015-03-21,180.9,230.9,200.9,260.9,280.9,380.9,330.9,300.9,220.9,240.9
2015-03-22,181.0,231.0,201.0,261.0,281.0,381.0,331.0,301.0,221.0,241.0
2015-03-23,181.10000000000002,231.10000000000002,201.10000000000002,261.1,281.1,381.1,331.1,301.1,221.10000000000002,241.10000000000002
2015-03-24,181.2,231.2,201.2,261.2,281.2,381.2,331.2,301.2,221.2,241.2
2015-03-25,181.3,231.3,201.3,261.3,281.3,381.3,331.3,301.3,221.3,241.3
2015-03-26,181.4,231.4,201.4,261.4,281.4,381.4,331.4,301.4,221.4,241.4
2015-03-27,181.5,231.5,201.5,261.5,281.5,381.5,331.5,301.5,221.5,241.5
2015-03-28,181.60000000000002,231.60000000000002,201.60000000000002,261.6,281.6,381.6,331.6,301.6,221.60000000000002,241.60000000000002
2015-03-29,181.7,231.7,201.7,261.7,281.7,381.7,331.7,301.7,221.7,241.7
2015-03-30,181.8,231.8,201.8,261.8,281.8,381.8,331.8,301.8,221.8,241.8
2015-03-31,181.9,231.9,201.9,261.9,281.9,381.9,331.9,301.9,221.9,241.9
2015-04-01,182.0,232.0,202.0,262.0,282.0,382.0,332.0,302.0,222.0,242.0
2015-04-02,182.10000000000002,232.10000000000002,202.10000000000002,262.1,282.1,382.1,332.1,302.1,222.10000000000002,242.10000000000002
2015-04-03,182.2,232.2,202.2,262.2,282.2,382.2,332.2,302.2,222.2,242.2
2015-04-04,182.3,232.3,202.3,262.3,282.3,382.3,332.3,302.3,222.3,242.3
2015-04-05,182.4,232.4,202.4,262.4,282.4,382.4,332.4,302.4,222.4,242.4
2015-04-06,182.5,232.5,202.5,262.5,282.5,382.5,332.5,302.5,222.5,242.5
2015-04-07,182.60000000000002,232.60000000000002,202.60000000000002,262.6,282.6,382.6,332.6,302.6,222.60000000000002,242.60000000000002
2015-04-08,182.7,232.7,202.7,262.7,282.7,382.7,332.7,302.7,222.7,242.7
2015-04-09,182.8,232.8,202.8,262.8,282.8,382.8,332.8,302.8,222.8,242.8
2015-04-10,182.9,232.9,202.9,262.9,282.9,382.9,332.9,302.9,222.9,242.9
2015-04-11,183.0,233.0,203.0,263.0,283.0,383.0,333.0,303.0,223.0,243.0
2015-04-12,183.10000000000002,233.10000000000002,203.10000000000002,263.1,283.1,383.1,333.1,303.1,223.10000000000002,243.10000000000002
2015-04-13,183.2,233.2,203.2,263.2,283.2,383.2,333.2,303.2,223.2,243.2
2015-04-14,183.3,233.3,203.3,263.3,283.3,383.3,333.3,303.3,223.3,243.3
2015-04-15,183.4,233.4,203.4,263.4,283.4,383.4,333.4,303.4,223.4,243.4
2015-04-16,183.5,233.5,203.5,263.5,283.5,383.5,333.5,303.5,223.5,243.5
2015-04-17,183.60000000000002,233.60000000000002,203.60000000000002,263.6,283.6,383.6,333.6,303.6,223.60000000000002,243.60000000000002
2015-04-18,183.7,233.7,203.7,263.7,283.7,383.7,333.7,303.7,223.7,243.7
2015-04-19,183.8,233.8,203.8,263.8,283.8,383.8,333.8,303.8,223.8,243.8
2015-04-20,183.9,233.9,203.9,263.9,283.9,383.9,333.9,303.9,223.9,243.9
2015-04-21,184.0,234.0,204.0,264.0,284.0,384.0,334.0,304.0,224.0,244.0
2015-04-22,184.10000000000002,234.10000000000002,204.10000000000002,264.1,284.1,384.1,334.1,304.1,224.10000000000002,244.10000000000002
2015-04-23,184.2,234.2,204.2,264.2,284.2,384.2,334.2,304.2,224.2,244.2
2015-04-24,184.3,234.3,204.3,264.3,284.3,384.3,334.3,304.3,224.3,244.3
2015-04-25,184.4,234.4,204.4,264.4,284.4,384.4,334.4,304.4,224.4,244.4
2015-04-26,184.5,234.5,204.5,264.5,284.5,384.5,334.5,304.5,224.5,244.5
2015-04-27,184.60000000000002,234.60000000000002,204.60000000000002,264.6,284.6,384.6,334.6,304.6,224.60000000000002,244.60000000000002
2015-04-28,184.7,234.7,204.7,264.7,284.7,384.7,334.7,304.7,224.7,244.7
2015-04-29,184.8,234.8,204.8,264.8,284.8,384.8,334.8,304.8,224.8,244.8
2015-04-30,184.9,234.9,204.9,264.9,284.9,384.9,334.9,304.9,224.9,244.9
2015-05-01,185.0,235.0,205.0,265.0,285.0,385.0,335.0,305.0,225.0,245.0
2015-05-02,185.10000000000002,235.10000000000002,205.10000000000002,265.1,285.1,385.1,335.1,305.1,225.10000000000002,245.10000000000002
2015-05-03,185.2,235.2,205.2,265.2,285.2,385.2,335.2,305.2,225.2,245.2
2015-05-04,185.3,235.3,205.3,265.3,285.3,385.3,335.3,305.3,225.3,245.3
2015-05-05,185.4,235.4,205.4,265.4,285.4,385.4,335.4,305.4,225.4,245.4
2015-05-06,185.5,235.5,205.5,265.5,285.5,385.5,335.5,305.5,225.5,245.5
2015-05-07,185.60000000000002,235.60000000000002,205.60000000000002,265.6,285.6,385.6,335.6,305.6,225.60000000000002,245.60000000000002
2015-05-08,185.7,235.7,205.7,265.7,285.7,385.7,335.7,305.7,225.7,245.7
2015-05-09,185.8,235.8,205.8,265.8,285.8,385.8,335.8,305.8,225.8,245.8
2015-05-10,185.9,235.9,205.9,265.9,285.9,385.9,335.9,305.9,225.9,245.9
2015-05-11,186.0,236.0,206.0,266.0,286.0,386.0,336.0,306.0,226.0,246.0
2015-05-12,186.10000000000002,236.10000000000002,206.10000000000002,266.1,286.1,386.1,336.1,306.1,226.10000000000002,246.10000000000002
2015-05-13,186.2,236.2,206.2,266.2,286.2,386.2,336.2,306.2,226.2,246.2
2015-05-14,186.3,236.3,206.3,266.3,286.3,386.3,336.3,306.3,226.3,246.3
2015-05-15,186.4,236.4,206.4,266.4,286.4,386.4,336.4,306.4,226.4,246.4
2015-05-16,186.5,236.5,206.5,266.5,286.5,386.5,336.5,306.5,226.5,246.5
2015-05-17,186.60000000000002,236.60000000000002,206.60000000000002,266.6,286.6,386.6,336.6,306.6,226.60000000000002,246.60000000000002
2015-05-18,186.7,236.7,206.7,266.7,286.7,386.7,336.7,306.7,226.7,246.7
2015-05-19,186.8,236.8,206.8,266.8,286.8,386.8,336.8,306.8,226.8,246.8
2015-05-20,186.9,236.9,206.9,266.9,286.9,386.9,336.9,306.9,226.9,246.9
2015-05-21,187.0,237.0,207.0,267.0,287.0,387.0,337.0,307.0,227.0,247.0
2015-05-22,187.10000000000002,237.10000000000002,207.10000000000002,267.1,287.1,387.1,337.1,307.1,227.10000000000002,247.10000000000002
2015-05-23,187.2,237.2,207.2,267.2,287.2,387.2,337.2,307.2,227.2,247.2
2015-05-24,187.3,237.3,207.3,267.3,287.3,387.3,337.3,307.3,227.3,247.3
2015-05-25,187.4,237.4,207.4,267.4,287.4,387.4,337.4,307.4,227.4,247.4
2015-05-26,187.5,237.5,207.5,267.5,287.5,387.5,337.5,307.5,227.5,247.5
2015-05-27,187.60000000000002,237.60000000000002,207.60000000000002,267.6,287.6,387.6,337.6,307.6,227.60000000000002,247.60000000000002
2015-05-28,187.7,237.7,207.7,267.7,287.7,387.7,337.7,307.7,227.7,247.7
2015-05-29,187.8,237.8,207.8,267.8,287.8,387.8,337.8,307.8,227.8,247.8
2015-05-30,187.9,237.9,207.9,267.9,287.9,387.9,337.9,307.9,227.9,247.9
2015-05-31,188.0,238.0,208.0,268.0,288.0,388.0,338.0,308.0,228.0,248.0
2015-06-01,188.10000000000002,238.10000000000002,208.10000000000002,268.1,288.1,388.1,338.1,308.1,228.10000000000002,248.10000000000002
2015-06-02,188.2,238.2,208.2,268.2,288.2,388.2,338.2,308.2,228.2,248.2
2015-06-03,188.3,238.3,208.3,268.3,288.3,388.3,338.3,308.3,228.3,248.3
2015-06-04,188.4,238.4,208.4,268.4,288.4,388.4,338.4,308.4,228.4,248.4
2015-06-05,188.5,238.5,208.5,268.5,288.5,388.5,338.5,308.5,228.5,248.5
2015-06-06,188.60000000000002,238.60000000000002,208.60000000000002,268.6,288.6,388.6,338.6,308.6,228.60000000000002,248.60000000000002
2015-06-07,188.7,238.7,208.7,268.7,288.7,388.7,338.7,308.7,228.7,248.7
2015-06-08,188.8,238.8,208.8,268.8,288.8,388.8,338.8,308.8,228.8,248.8
2015-06-09,188.9,238.9,208.9,268.9,288.9,388.9,338.9,308.9,228.9,248.9
2015-06-10,189.0,239.0,209.0,269.0,289.0,389.0,339.0,309.0,229.0,249.0
2015-06-11,189.10000000000002,239.10000000000002,209.10000000000002,269.1,289.1,389.1,339.1,309.1,229.10000000000002,249.10000000000002
2015-06-12,189.2,239.2,209.2,269.2,289.2,389.2,339.2,309.2,229.2,249.2
2015-06-13,189.3,239.3,209.3,269.3,289.3,389.3,339.3,309.3,229.3,249.3
2015-06-14,189.4,239.4,209.4,269.4,289.4,389.4,339.4,309.4,229.4,249.4
2015-06-15,189.5,239.5,209.5,269.5,289.5,389.5,339.5,309.5,229.5,249.5
2015-06-16,189.60000000000002,239.60000000000002,209.60000000000002,269.6,289.6,389.6,339.6,309.6,229.60000000000002,249.60000000000002
2015-06-17,189.7,239.7,209.7,269.7,289.7,389.7,339.7,309.7,229.7,249.7
2015-06-18,189.8,239.8,209.8,269.8,289.8,389.8,339.8,309.8,229.8,249.8
2015-06-19,189.9,239.9,209.9,269.9,289.9,389.9,339.9,309.9,229.9,249.9
2015-06-20,190.0,240.0,210.0,270.0,290.0,390.0,340.0,310.0,230.0,250.0
2015-06-21,190.10000000000002,240.10000000000002,210.10000000000002,270.1,290.1,390.1,340.1,310.1,230.10000000000002,250.10000000000002
2015-06-22,190.2,240.2,210.2,270.2,290.2,390.2,340.2,310.2,230.2,250.2
2015-06-23,190.3,240.3,210.3,270.3,290.3,390.3,340.3,310.3,230.3,250.3
2015-06-24,190.4,240.4,210.4,270.4,290.4,390.4,340.4,310.4,230.4,250.4
2015-06-25,190.5,240.5,210.5,270.5,290.5,390.5,340.5,310.5,230.5,250.5
2015-06-26,190.60000000000002,240.60000000000002,210.60000000000002,270.6,290.6,390.6,340.6,310.6,230.60000000000002,250.60000000000002
2015-06-27,190.7,240.7,210.7,270.7,290.7,390.7,340.7,310.7,230.7,250.7
2015-06-28,190.8,240.8,210.8,270.8,290.8,390.8,340.8,310.8,230.8,250.8
2015-06-29,190.9,240.9,210.9,270.9,290.9,390.9,340.9,310.9,230.9,250.9
2015-06-30,191.0,241.0,211.0,271.0,291.0,391.0,341.0,311.0,231.0,251.0
2015-07-01,191.10000000000002,241.10000000000002,211.10000000000002,271.1,291.1,391.1,341.1,311.1,231.10000000000002,251.10000000000002
2015-07-02,191.2,241.2,211.2,271.2,291.2,391.2,341.2,311.2,231.2,251.2
2015-07-03,191.3,241.3,211.3,271.3,291.3,391.3,341.3,311.3,231.3,251.3
2015-07-04,191.4,241.4,211.4,271.4,291.4,391.4,341.4,311.4,231.4,251.4
2015-07-05,191.5,241.5,211.5,271.5,291.5,391.5,341.5,311.5,231.5,251.5
2015-07-06,191.60000000000002,241.60000000000002,211.60000000000002,271.6,291.6,391.6,341.6,311.6,231.60000000000002,251.60000000000002
2015-07-07,191.7,241.7,211.7,271.7,291.7,391.7,341.7,311.7,231.7,251.7
2015-07-08,191.8,241.8,211.8,271.8,291.8,391.8,341.8,311.8,231.8,251.8
2015-07-09,191.9,241.9,211.9,271.9,291.9,391.9,341.9,311.9,231.9,251.9
2015-07-10,192.0,242.0,212.0,272.0,292.0,392.0,342.0,312.0,232.0,252.0
2015-07-11,192.10000000000002,242.10000000000002,212.10000000000002,272.1,292.1,392.1,342.1,312.1,232.10000000000002,252.10000000000002
2015-07-12,192.2,242.2,212.2,272.2,292.2,392.2,342.2,312.2,232.2,252.2
2015-07-13,192.3,242.3,212.3,272.3,292.3,392.3,342.3,312.3,232.3,252.3
2015-07-14,192.4,242.4,212.4,272.4,292.4,392.4,342.4,312.4,232.4,252.4
2015-07-15,192.5,242.5,212.5,272.5,292.5,392.5,342.5,312.5,232.5,252.5
2015-07-16,192.60000000000002,242.60000000000002,212.60000000000002,272.6,292.6,392.6,342.6,312.6,232.60000000000002,252.60000000000002
2015-07-17,192.7,242.7,212.7,272.7,292.7,392.7,342.7,312.7,232.7,252.7
2015-07-18,192.8,242.8,212.8,272.8,292.8,392.8,342.8,312.8,232.8,252.8
2015-07-19,192.9,242.9,212.9,272.9,292.9,392.9,342.9,312.9,232.9,252.9
2015-07-20,193.0,243.0,213.0,273.0,293.0,393.0,343.0,313.0,233.0,253.0
2015-07-21,193.10000000000002,243.10000000000002,213.10000000000002,273.1,293.1,393.1,343.1,313.1,233.10000000000002,253.10000000000002
2015-07-22,193.2,243.2,213.2,273.2,293.2,393.2,343.2,313.2,233.2,253.2
2015-07-23,193.3,243.3,213.3,273.3,293.3,393.3,343.3,313.3,233.3,253.3
2015-07-24,193.4,243.4,213.4,273.4,293.4,393.4,343.4,313.4,233.4,253.4
2015-07-25,193.5,243.5,213.5,273.5,293.5,393.5,343.5,313.5,233.5,253.5
2015-07-26,193.60000000000002,243.60000000000002,213.60000000000002,273.6,293.6,393.6,343.6,313.6,233.60000000000002,253.60000000000002
2015-07-27,193.7,243.7,213.7,273.7,293.7,393.7,343.7,313.7,233.7,253.7
2015-07-28,193.8,243.8,213.8,273.8,293.8,393.8,343.8,313.8,233.8,253.8
2015-07-29,193.9,243.9,213.9,273.9,293.9,393.9,343.9,313.9,233.9,253.9
2015-07-30,194.0,244.0,214.0,274.0,294.0,394.0,344.0,314.0,234.0,254.0
2015-07-31,194.10000000000002,244.10000000000002,214.10000000000002,274.1,294.1,394.1,344.1,314.1,234.10000000000002,254.10000000000002
2015-08-01,194.2,244.2,214.2,274.2,294.2,394.2,344.2,314.2,234.2,254.2
2015-08-02,194.3,244.3,214.3,274.3,294.3,394.3,344.3,314.3,234.3,254.3
2015-08-03,194.4,244.4,214.4,274.4,294.4,394.4,344.4,314.4,234.4,254.4
2015-08-04,194.5,244.5,214.5,274.5,294.5,394.5,344.5,314.5,234.5,254.5
2015-08-05,194.60000000000002,244.60000000000002,214.60000000000002,274.6,294.6,394.6,344.6,314.6,234.60000000000002,254.60000000000002
2015-08-06,194.7,244.7,214.7,274.7,294.7,394.7,344.7,314.7,234.7,254.7
2015-08-07,194.8,244.8,214.8,274.8,294.8,394.8,344.8,314.8,234.8,254.8
2015-08-08,194.9,244.9,214.9,274.9,294.9,394.9,344.9,314.9,234.9,254.9
2015-08-09,195.0,245.0,215.0,275.0,295.0,395.0,345.0,315.0,235.0,255.0
2015-08-10,195.10000000000002,245.10000000000002,215.10000000000002,275.1,295.1,395.1,345.1,315.1,235.10000000000002,255.10000000000002
2015-08-11,195.2,245.2,215.2,275.2,295.2,395.2,345.2,315.2,235.2,255.2
2015-08-12,195.3,245.3,215.3,275.3,295.3,395.3,345.3,315.3,235.3,255.3
2015-08-13,195.4,245.4,215.4,275.4,295.4,395.4,345.4,315.4,235.4,255.4
2015-08-14,195.5,245.5,215.5,275.5,295.5,395.5,345.5,315.5,235.5,255.5
2015-08-15,195.60000000000002,245.60000000000002,215.60000000000002,275.6,295.6,395.6,345.6,315.6,235.60000000000002,255.60000000000002
2015-08-16,195.7,245.7,215.7,275.7,295.7,395.7,345.7,315.7,235.7,255.7
2015-08-17,195.8,245.8,215.8,275.8,295.8,395.8,345.8,315.8,235.8,255.8
2015-08-18,195.9,245.9,215.9,275.9,295.9,395.9,345.9,315.9,235.9,255.9
2015-08-19,196.0,246.0,216.0,276.0,296.0,396.0,346.0,316.0,236.0,256.0
2015-08-20,196.10000000000002,246.10000000000002,216.10000000000002,276.1,296.1,396.1,346.1,316.1,236.10000000000002,256.1
2015-08-21,196.2,246.2,216.2,276.2,296.2,396.2,346.2,316.2,236.2,256.2
2015-08-22,196.3,246.3,216.3,276.3,296.3,396.3,346.3,316.3,236.3,256.3
2015-08-23,196.4,246.4,216.4,276.4,296.4,396.4,346.4,316.4,236.4,256.4
2015-08-24,196.5,246.5,216.5,276.5,296.5,396.5,346.5,316.5,236.5,256.5
2015-08-25,196.60000000000002,246.60000000000002,216.60000000000002,276.6,296.6,396.6,346.6,316.6,236.60000000000002,256.6
2015-08-26,196.7,246.7,216.7,276.7,296.7,396.7,346.7,316.7,236.7,256.7
2015-08-27,196.8,246.8,216.8,276.8,296.8,396.8,346.8,316.8,236.8,256.8
2015-08-28,196.9,246.9,216.9,276.9,296.9,396.9,346.9,316.9,236.9,256.9
2015-08-29,197.0,247.0,217.0,277.0,297.0,397.0,347.0,317.0,237.0,257.0
2015-08-30,197.10000000000002,247.10000000000002,217.10000000000002,277.1,297.1,397.1,347.1,317.1,237.10000000000002,257.1
2015-08-31,197.2,247.2,217.2,277.2,297.2,397.2,347.2,317.2,237.2,257.2
2015-09-01,197.3,247.3,217.3,277.3,297.3,397.3,347.3,317.3,237.3,257.3
2015-09-02,197.4,247.4,217.4,277.4,297.4,397.4,347.4,317.4,237.4,257.4
2015-09-03,197.5,247.5,217.5,277.5,297.5,397.5,347.5,317.5,237.5,257.5
2015-09-04,197.60000000000002,247.60000000000002,217.60000000000002,277.6,297.6,397.6,347.6,317.6,237.60000000000002,257.6
2015-09-05,197.7,247.7,217.7,277.7,297.7,397.7,347.7,317.7,237.7,257.7
2015-09-06,197.8,247.8,217.8,277.8,297.8,397.8,347.8,317.8,237.8,257.8
2015-09-07,197.9,247.9,217.9,277.9,297.9,397.9,347.9,317.9,237.9,257.9
2015-09-08,198.0,248.0,218.0,278.0,298.0,398.0,348.0,318.0,238.0,258.0
2015-09-09,198.10000000000002,248.10000000000002,218.10000000000002,278.1,298.1,398.1,348.1,318.1,238.10000000000002,258.1
2015-09-10,198.2,248.2,218.2,278.2,298.2,398.2,348.2,318.2,238.2,258.2
2015-09-11,198.3,248.3,218.3,278.3,298.3,398.3,348.3,318.3,238.3,258.3
2015-09-12,198.4,248.4,218.4,278.4,298.4,398.4,348.4,318.4,238.4,258.4
2015-09-13,198.5,248.5,218.5,278.5,298.5,398.5,348.5,318.5,238.5,258.5
2015-09-14,198.60000000000002,248.60000000000002,218.60000000000002,278.6,298.6,398.6,348.6,318.6,238.60000000000002,258.6
2015-09-15,198.7,248.7,218.7,278.7,298.7,398.7,348.7,318.7,238.7,258.7
2015-09-16,198.8,248.8,218.8,278.8,298.8,398.8,348.8,318.8,238.8,258.8
2015-09-17,198.9,248.9,218.9,278.9,298.9,398.9,348.9,318.9,238.9,258.9
2015-09-18,199.0,249.0,219.0,279.0,299.0,399.0,349.0,319.0,239.0,259.0
2015-09-19,199.10000000000002,249.10000000000002,219.10000000000002,279.1,299.1,399.1,349.1,319.1,239.10000000000002,259.1
2015-09-20,199.2,249.2,219.2,279.2,299.2,399.2,349.2,319.2,239.2,259.2
2015-09-21,199.3,249.3,219.3,279.3,299.3,399.3,349.3,319.3,239.3,259.3
2015-09-22,199.4,249.4,219.4,279.4,299.4,399.4,349.4,319.4,239.4,259.4
2015-09-23,199.5,249.5,219.5,279.5,299.5,399.5,349.5,319.5,239.5,259.5
2015-09-24,199.60000000000002,249.60000000000002,219.60000000000002,279.6,299.6,399.6,349.6,319.6,239.60000000000002,259.6
2015-09-25,199.7,249.7,219.7,279.7,299.7,399.7,349.7,319.7,239.7,259.7
2015-09-26,199.8,249.8,219.8,279.8,299.8,399.8,349.8,319.8,239.8,259.8
2015-09-27,199.9,249.9,219.9,279.9,299.9,399.9,349.9,319.9,239.9,259.9
